daily_discharges1,daily_discharges2,daily_discharges3,daily_discharges4,daily_discharges5,daily_discharges6,daily_discharges7,daily_discharges8,daily_discharges9,daily_discharges10,daily_discharges11,daily_discharges12,daily_discharges13,daily_discharges14,daily_discharges15,daily_discharges16,daily_discharges17,daily_discharges18,daily_discharges19,daily_discharges20,daily_discharges21,daily_discharges22,daily_discharges23,daily_discharges24,daily_discharges25,daily_discharges26,daily_discharges27,daily_discharges28,daily_discharges29,daily_discharges30,daily_discharges31,daily_discharges32,daily_discharges33,daily_discharges34,daily_discharges35,daily_discharges36,daily_discharges37,daily_discharges38,daily_discharges39,daily_discharges40,daily_discharges41,daily_discharges42,daily_discharges43,daily_discharges44,daily_discharges45,daily_discharges46,daily_discharges47,daily_discharges48,daily_discharges49,daily_discharges50,daily_discharges51,daily_discharges52,daily_discharges53,daily_discharges54,daily_discharges55,daily_discharges56,daily_discharges57,daily_discharges58,daily_discharges59,daily_discharges60,daily_discharges61,daily_discharges62,daily_discharges63,daily_discharges64,daily_discharges65,daily_discharges66,daily_discharges67,daily_discharges68,daily_discharges69,daily_discharges70,daily_discharges71,daily_discharges72,daily_discharges73,daily_discharges74,daily_discharges75,daily_discharges76,daily_discharges77,daily_discharges78,daily_discharges79,daily_discharges80,daily_discharges81,daily_discharges82,daily_discharges83,daily_discharges84,daily_discharges85,daily_discharges86,daily_discharges87,daily_discharges88,daily_discharges89,daily_discharges90,daily_discharges91,daily_discharges92,daily_discharges93,daily_discharges94,daily_discharges95,daily_discharges96,daily_discharges97,daily_discharges98,daily_discharges99,daily_discharges100,daily_discharges101,daily_discharges102,daily_discharges103,daily_discharges104,daily_discharges105,daily_discharges106,daily_discharges107,daily_discharges108,daily_discharges109,daily_discharges110,daily_discharges111,daily_discharges112,daily_discharges113,daily_discharges114,daily_discharges115,daily_discharges116,daily_discharges117,daily_discharges118,daily_discharges119,daily_discharges120,daily_discharges121,daily_discharges122,daily_discharges123,daily_discharges124,daily_discharges125,daily_discharges126,daily_discharges127,daily_discharges128,daily_discharges129,daily_discharges130,daily_discharges131,daily_discharges132,daily_discharges133,daily_discharges134,daily_discharges135,daily_discharges136,daily_discharges137,daily_discharges138,daily_discharges139,daily_discharges140,daily_discharges141,daily_discharges142,daily_discharges143,daily_discharges144,daily_discharges145,daily_discharges146,daily_discharges147,daily_discharges148,daily_discharges149,daily_discharges150,daily_discharges151,daily_discharges152,daily_discharges153,daily_discharges154,daily_discharges155,daily_discharges156,daily_discharges157,daily_discharges158,daily_discharges159,daily_discharges160,daily_discharges161,daily_discharges162,daily_discharges163,daily_discharges164,daily_discharges165,daily_discharges166,daily_discharges167,daily_discharges168,daily_discharges169,daily_discharges170,daily_discharges171,daily_discharges172,daily_discharges173,daily_discharges174,daily_discharges175,daily_discharges176,daily_discharges177,daily_discharges178,daily_discharges179,daily_discharges180,daily_discharges181,daily_discharges182,daily_discharges183,daily_discharges184,daily_discharges185,daily_discharges186,daily_discharges187,daily_discharges188,daily_discharges189,daily_discharges190,daily_discharges191,daily_discharges192,daily_discharges193,daily_discharges194,daily_discharges195,daily_discharges196,daily_discharges197,daily_discharges198,daily_discharges199,daily_discharges200,daily_discharges201,daily_discharges202,daily_discharges203,daily_discharges204,daily_discharges205,daily_discharges206,daily_discharges207,daily_discharges208,daily_discharges209,daily_discharges210,daily_discharges211,daily_discharges212,daily_discharges213,daily_discharges214,daily_discharges215,daily_discharges216,daily_discharges217,daily_discharges218,daily_discharges219,daily_discharges220,daily_discharges221,daily_discharges222,daily_discharges223,daily_discharges224,daily_discharges225,daily_discharges226,daily_discharges227,daily_discharges228,daily_discharges229,daily_discharges230,daily_discharges231,daily_discharges232,daily_discharges233,daily_discharges234,daily_discharges235,daily_discharges236,daily_discharges237,daily_discharges238,daily_discharges239,daily_discharges240,daily_discharges241,daily_discharges242,daily_discharges243,daily_discharges244,daily_discharges245,daily_discharges246,daily_discharges247,daily_discharges248,daily_discharges249,daily_discharges250,daily_discharges251,daily_discharges252,daily_discharges253,daily_discharges254,daily_discharges255,daily_discharges256,daily_discharges257,daily_discharges258,daily_discharges259,daily_discharges260,daily_discharges261,daily_discharges262,daily_discharges263,daily_discharges264,daily_discharges265,daily_discharges266,daily_discharges267,daily_discharges268,daily_discharges269,daily_discharges270,daily_discharges271,daily_discharges272,daily_discharges273,daily_discharges274,daily_discharges275,daily_discharges276,daily_discharges277,daily_discharges278,daily_discharges279,daily_discharges280,daily_discharges281,daily_discharges282,daily_discharges283,daily_discharges284,daily_discharges285,daily_discharges286,daily_discharges287,daily_discharges288,daily_discharges289,daily_discharges290,daily_discharges291,daily_discharges292,daily_discharges293,daily_discharges294,daily_discharges295,daily_discharges296,daily_discharges297,daily_discharges298,daily_discharges299,daily_discharges300,daily_discharges301,daily_discharges302,daily_discharges303,daily_discharges304,daily_discharges305,daily_discharges306,daily_discharges307,daily_discharges308,daily_discharges309,daily_discharges310,daily_discharges311,daily_discharges312,daily_discharges313,daily_discharges314,daily_discharges315,daily_discharges316,daily_discharges317,daily_discharges318,daily_discharges319,daily_discharges320,daily_discharges321,daily_discharges322,daily_discharges323,daily_discharges324,daily_discharges325,daily_discharges326,daily_discharges327,daily_discharges328,daily_discharges329,daily_discharges330,daily_discharges331,daily_discharges332,daily_discharges333,daily_discharges334,daily_discharges335,daily_discharges336,daily_discharges337,daily_discharges338,daily_discharges339,daily_discharges340,daily_discharges341,daily_discharges342,daily_discharges343,daily_discharges344,daily_discharges345,daily_discharges346,daily_discharges347,daily_discharges348,daily_discharges349,daily_discharges350,daily_discharges351,daily_discharges352,daily_discharges353,daily_discharges354,daily_discharges355,daily_discharges356,daily_discharges357,daily_discharges358,daily_discharges359,daily_discharges360,daily_discharges361,daily_discharges362,daily_discharges363,daily_discharges364,daily_discharges365,daily_discharges366,daily_discharges367,daily_discharges368,daily_discharges369,daily_discharges370,daily_discharges371,daily_discharges372,daily_discharges373,daily_discharges374,daily_discharges375,daily_discharges376,daily_discharges377,daily_discharges378,daily_discharges379,daily_discharges380,daily_discharges381,daily_discharges382,daily_discharges383,daily_discharges384,daily_discharges385,daily_discharges386,daily_discharges387,daily_discharges388,daily_discharges389,daily_discharges390,daily_discharges391,daily_discharges392,daily_discharges393,daily_discharges394,daily_discharges395,daily_discharges396,daily_discharges397,daily_discharges398,daily_discharges399,daily_discharges400,daily_discharges401,daily_discharges402,daily_discharges403,daily_discharges404,daily_discharges405,daily_discharges406,daily_discharges407,daily_discharges408,daily_discharges409,daily_discharges410,daily_discharges411,daily_discharges412,daily_discharges413,daily_discharges414,daily_discharges415,daily_discharges416,daily_discharges417,daily_discharges418,daily_discharges419,daily_discharges420,daily_discharges421,daily_discharges422,daily_discharges423,daily_discharges424,daily_discharges425,daily_discharges426,daily_discharges427,daily_discharges428,daily_discharges429,daily_discharges430,daily_discharges431,daily_discharges432,daily_discharges433,daily_discharges434,daily_discharges435,daily_discharges436,daily_discharges437,daily_discharges438,daily_discharges439,daily_discharges440,daily_discharges441,daily_discharges442,daily_discharges443,daily_discharges444,daily_discharges445,daily_discharges446,daily_discharges447,daily_discharges448,daily_discharges449,daily_discharges450,daily_discharges451,daily_discharges452,daily_discharges453,daily_discharges454,daily_discharges455,daily_discharges456,daily_discharges457,daily_discharges458,daily_discharges459,daily_discharges460,daily_discharges461,daily_discharges462,daily_discharges463,daily_discharges464,daily_discharges465,daily_discharges466,daily_discharges467,daily_discharges468,daily_discharges469,daily_discharges470,daily_discharges471,daily_discharges472,daily_discharges473,daily_discharges474,daily_discharges475,daily_discharges476,daily_discharges477,daily_discharges478,daily_discharges479,daily_discharges480,daily_discharges481,daily_discharges482,daily_discharges483,daily_discharges484,daily_discharges485,daily_discharges486,daily_discharges487,daily_discharges488,daily_discharges489,daily_discharges490,daily_discharges491,daily_discharges492,daily_discharges493,daily_discharges494,daily_discharges495,daily_discharges496,daily_discharges497,daily_discharges498,daily_discharges499,daily_discharges500,daily_discharges501,daily_discharges502,daily_discharges503,daily_discharges504,daily_discharges505,daily_discharges506,daily_discharges507,daily_discharges508,daily_discharges509,daily_discharges510,daily_discharges511,daily_discharges512,daily_discharges513,daily_discharges514,daily_discharges515,daily_discharges516,daily_discharges517,daily_discharges518,daily_discharges519,daily_discharges520,daily_discharges521,daily_discharges522,daily_discharges523,daily_discharges524,daily_discharges525,daily_discharges526,daily_discharges527,daily_discharges528,daily_discharges529,daily_discharges530,daily_discharges531,daily_discharges532,daily_discharges533,daily_discharges534,daily_discharges535,daily_discharges536,daily_discharges537,daily_discharges538,daily_discharges539,daily_discharges540,daily_discharges541,daily_discharges542,daily_discharges543,daily_discharges544,daily_discharges545,daily_discharges546,daily_discharges547,daily_discharges548,daily_discharges549,daily_discharges550,daily_discharges551,daily_discharges552,daily_discharges553,daily_discharges554,daily_discharges555,daily_discharges556,daily_discharges557,daily_discharges558,daily_discharges559,daily_discharges560,daily_discharges561,daily_discharges562,daily_discharges563,daily_discharges564,daily_discharges565,daily_discharges566,daily_discharges567,daily_discharges568,daily_discharges569,daily_discharges570,daily_discharges571,daily_discharges572,daily_discharges573,daily_discharges574,daily_discharges575,daily_discharges576,daily_discharges577,daily_discharges578,daily_discharges579,daily_discharges580,daily_discharges581,daily_discharges582,daily_discharges583,daily_discharges584,daily_discharges585,daily_discharges586,daily_discharges587,daily_discharges588,daily_discharges589,daily_discharges590,daily_discharges591,daily_discharges592,daily_discharges593,daily_discharges594,daily_discharges595,daily_discharges596,daily_discharges597,daily_discharges598,daily_discharges599,daily_discharges600,daily_discharges601,daily_discharges602,daily_discharges603,daily_discharges604,daily_discharges605,daily_discharges606,daily_discharges607,daily_discharges608,daily_discharges609,daily_discharges610,daily_discharges611,daily_discharges612,daily_discharges613,daily_discharges614,daily_discharges615,daily_discharges616,daily_discharges617,daily_discharges618,daily_discharges619,daily_discharges620,daily_discharges621,daily_discharges622,daily_discharges623,daily_discharges624,daily_discharges625,daily_discharges626,daily_discharges627,daily_discharges628,daily_discharges629,daily_discharges630,daily_discharges631,daily_discharges632,daily_discharges633,daily_discharges634,daily_discharges635,daily_discharges636,daily_discharges637,daily_discharges638,daily_discharges639,daily_discharges640,daily_discharges641,daily_discharges642,daily_discharges643,daily_discharges644,daily_discharges645,daily_discharges646,daily_discharges647,daily_discharges648,daily_discharges649,daily_discharges650,daily_discharges651,daily_discharges652,daily_discharges653,daily_discharges654,daily_discharges655,daily_discharges656,daily_discharges657,daily_discharges658,daily_discharges659,daily_discharges660,daily_discharges661,daily_discharges662,daily_discharges663,daily_discharges664,daily_discharges665,daily_discharges666,daily_discharges667,daily_discharges668,daily_discharges669,daily_discharges670,daily_discharges671,daily_discharges672,daily_discharges673,daily_discharges674,daily_discharges675,daily_discharges676,daily_discharges677,daily_discharges678,daily_discharges679,daily_discharges680,daily_discharges681,daily_discharges682,daily_discharges683,daily_discharges684,daily_discharges685,daily_discharges686,daily_discharges687,daily_discharges688,daily_discharges689,daily_discharges690,daily_discharges691,daily_discharges692,daily_discharges693,daily_discharges694,daily_discharges695,daily_discharges696,daily_discharges697,daily_discharges698,daily_discharges699,daily_discharges700,daily_discharges701,daily_discharges702,daily_discharges703,daily_discharges704,daily_discharges705,daily_discharges706,daily_discharges707,daily_discharges708,daily_discharges709,daily_discharges710,daily_discharges711,daily_discharges712,daily_discharges713,daily_discharges714,daily_discharges715,daily_discharges716,daily_discharges717,daily_discharges718,daily_discharges719,daily_discharges720,daily_discharges721,daily_discharges722,daily_discharges723,daily_discharges724,daily_discharges725,daily_discharges726,daily_discharges727,daily_discharges728,daily_discharges729,daily_discharges730,daily_discharges731,daily_discharges732,daily_discharges733,daily_discharges734,daily_discharges735,daily_discharges736,daily_discharges737,daily_discharges738,daily_discharges739,daily_discharges740,daily_discharges741,daily_discharges742,daily_discharges743,daily_discharges744,daily_discharges745,daily_discharges746,daily_discharges747,daily_discharges748,daily_discharges749,daily_discharges750,daily_discharges751,daily_discharges752,daily_discharges753,daily_discharges754,daily_discharges755,daily_discharges756,daily_discharges757,daily_discharges758,daily_discharges759,daily_discharges760,daily_discharges761,daily_discharges762,daily_discharges763,daily_discharges764,daily_discharges765,daily_discharges766,daily_discharges767,daily_discharges768,daily_discharges769,daily_discharges770,daily_discharges771,daily_discharges772,daily_discharges773,daily_discharges774,daily_discharges775,daily_discharges776,daily_discharges777,daily_discharges778,daily_discharges779,daily_discharges780,daily_discharges781,daily_discharges782,daily_discharges783,daily_discharges784,daily_discharges785,daily_discharges786,daily_discharges787,daily_discharges788,daily_discharges789,daily_discharges790,daily_discharges791,daily_discharges792,daily_discharges793,daily_discharges794,daily_discharges795,daily_discharges796,daily_discharges797,daily_discharges798,daily_discharges799,daily_discharges800
0,0,0,0,0,0,0,0,0,0,0,0,0,0,0,0,0,0,0,0,0,0,0,0,0,0,0,0,0,0,0,0,0,0,0,0,0,0,0,0,0,0,0,0,0,0,0,0,0,0,0,0,0,0,0,0,0,0,0,0,0,0,0,0,0,0,0,0,0,0,0,0,0,0,0,0,0,0,0,0,0,0,0,0,0,0,0,0,0,0,0,0,0,0,0,0,0,0,0,0,0,0,0,0,0,0,0,0,0,0,0,0,0,0,0,0,0,0,0,0,0,0,0,0,0,0,0,0,0,0,0,0,0,0,0,0,0,0,0,0,0,0,0,0,0,0,0,0,0,0,0,0,0,0,0,0,0,0,0,0,0,0,0,0,0,0,0,0,0,0,0,0,0,0,0,0,0,0,0,0,0,0,0,0,0,0,0,0,0,0,0,0,0,0,0,0,0,0,0,0,0,0,0,0,0,0,0,0,0,0,0,0,0,0,0,0,0,0,0,0,0,0,0,0,0,0,0,0,0,0,0,0,0,0,0,0,0,0,0,0,0,0,0,0,0,0,0,0,0,0,0,0,0,0,0,0,0,0,0,0,0,0,0,0,0,0,0,0,0,0,0,0,0,0,0,0,0,0,0,0,0,0,0,0,0,0,0,0,0,0,0,0,0,0,0,0,0,0,0,0,0,0,0,0,0,0,0,0,0,0,0,0,0,0,0,0,0,0,0,0,0,0,0,0,0,0,0,0,0,0,0,0,0,0,0,0,0,0,0,0,0,0,1,0,0,0,0,2,1,0,0,0,0,0,0,0,0,0,1,1,2,1,0,1,3,0,0,1,2,1,1,2,0,0,0,1,2,1,2,1,1,3,1,2,1,2,6,3,1,1,2,2,6,3,1,5,7,4,2,6,4,5,6,3,7,10,6,10,7,2,6,10,9,6,4,11,11,7,12,12,10,13,11,7,14,6,15,13,12,11,15,10,21,14,15,17,15,12,22,15,22,16,16,28,21,26,21,18,15,19,31,39,27,35,23,37,33,45,20,23,33,30,34,50,26,43,23,46,32,45,43,38,47,41,49,57,50,41,57,51,56,54,61,52,71,49,64,64,67,66,63,48,67,72,56,67,67,73,66,78,65,77,87,81,83,82,84,89,86,98,91,79,90,101,75,90,99,91,75,91,98,106,104,110,99,111,103,104,108,112,106,126,109,118,133,118,144,145,151,134,149,139,153,133,133,125,147,160,159,151,138,165,152,152,170,176,163,155,143,161,183,164,200,206,207,161,208,169,209,196,201,196,213,183,225,225,216,226,228,223,236,259,260,271,256,251,246,273,249,272,277,285,248,298,285,293,293,320,319,303,310,315,298,310,339,283,336,295,339,299,354,305,321,342,335,352,322,329,343,344,319,330,334,344,351,340,364,324,353,316,331,338,352,323,339,330,377,344,340,318,347,330,349,329,363,305,312,337,336,326,337,345,335,289,334,297,335,300,299,291,328,321,296,287,292,298,284,281,289,288,294,296,268,288,274,280,280,250,249,242,261,241,271,250,237,268,231,258,219,226,216,225,226,224,205,206,193,198,201,236,224,202,190,193,188,209,194,194,203,185,168,174,179,169,182,176,169,163,192,199,174,192,160,165,166,170,154,164,171,166,155,146,177,161,156,145,169,152,145,171,141,150,152,157,155,149,141,178,132,175,170,170,140,141,155,157,138,166,168,145,162,141,148,149,160,168,143,148,139,159,139,158,154,171,163,154,149,168,159,152,186,171,183,151,166,176,182,157,173,159,163,156,177,176,179,170,154,190,190,189
0,0,0,0,0,0,0,0,0,0,0,0,0,0,0,0,0,0,0,0,0,0,0,0,0,0,0,0,0,0,0,0,0,0,0,0,0,0,0,0,0,0,0,0,0,0,0,0,0,0,0,0,0,0,0,0,0,0,0,0,0,0,0,0,0,0,0,0,0,0,0,0,0,0,0,0,0,0,0,0,0,0,0,0,0,0,0,0,0,0,0,0,0,0,0,0,0,0,0,0,0,0,0,0,0,0,0,0,0,0,0,0,0,0,0,0,0,0,0,0,0,0,0,0,0,0,0,0,0,0,0,0,0,0,0,0,0,0,0,0,0,0,0,0,0,0,0,0,0,0,0,0,0,0,0,0,0,0,0,0,0,0,0,0,0,0,0,0,0,0,0,0,0,0,0,0,0,0,0,0,0,0,0,0,0,0,0,0,0,0,0,0,0,0,0,0,0,0,0,0,0,0,0,0,0,0,0,0,0,0,0,0,0,0,0,0,0,0,0,0,0,0,0,0,0,0,0,0,0,0,0,0,0,0,0,0,0,0,0,0,0,0,0,0,0,0,0,0,0,0,0,0,0,0,0,0,0,0,0,0,0,0,0,0,0,0,0,0,0,0,0,0,0,0,0,0,0,0,0,0,0,0,0,0,0,0,0,0,0,0,0,0,0,0,0,0,0,0,0,0,0,0,0,0,0,0,0,0,0,0,0,0,0,0,0,0,0,0,0,0,0,1,0,0,0,0,0,0,0,0,0,0,1,0,0,1,0,1,0,0,0,0,1,0,0,0,0,2,0,1,2,2,0,0,0,0,0,0,0,1,0,1,0,1,0,1,0,0,0,2,0,3,3,1,0,3,0,2,2,0,3,2,1,3,3,3,0,1,3,2,3,8,2,1,3,4,2,0,2,3,5,5,8,6,5,3,5,5,5,8,3,6,4,5,3,7,8,8,10,12,10,10,13,13,15,18,18,13,12,18,12,13,19,14,14,16,14,15,20,13,13,19,21,21,14,15,17,26,26,22,22,22,21,27,34,16,29,27,25,39,37,40,35,38,43,35,47,43,41,48,41,37,47,38,64,47,55,61,45,56,55,44,52,47,56,57,62,61,53,48,58,61,63,67,90,61,72,73,69,80,76,75,78,74,71,85,75,86,78,87,94,82,89,96,102,94,97,80,92,115,97,83,107,117,92,120,115,109,116,118,106,116,122,99,118,129,135,135,145,113,117,132,154,131,134,139,170,144,127,137,158,158,148,159,159,162,164,157,160,170,174,175,154,176,175,186,192,196,213,210,202,211,209,225,230,236,246,243,221,217,240,241,261,247,254,283,240,264,275,243,294,292,282,269,298,268,314,294,304,291,273,322,304,336,287,337,292,336,319,336,318,310,329,315,345,326,319,348,336,350,346,347,330,394,353,336,314,317,346,344,335,359,301,332,346,344,335,361,344,359,332,337,321,313,344,313,325,326,333,308,304,345,304,328,325,314,338,312,335,343,284,322,304,311,293,282,311,300,292,300,269,276,280,295,253,260,239,241,286,239,240,246,230,235,255,240,227,243,233,212,224,224,220,210,225,239,212,205,206,226,185,221,199,181,200,194,177,205,178,194,181,173,172,171,184,188,174,198,181,165,169,173,166,172,162,170,153,162,154,148,146,166,158,158,158,146,168,175,185,170,123,147,143,174,147,142,132,136,154,148,143,150,128,148,150,165,172,133,126,169,148,137,127,149,142,137,146,154,137,174,169,151,162,148,136,159,152,166,177,171,161,147,169,165,179,154,150,151,168,143,143,168,175,170,183,177,177,191,163,187
0,0,0,0,0,0,0,0,0,0,0,0,0,0,0,0,0,0,0,0,0,0,0,0,0,0,0,0,0,0,0,0,0,0,0,0,0,0,0,0,0,0,0,0,0,0,0,0,0,0,0,0,0,0,0,0,0,0,0,0,0,0,0,0,0,0,0,0,0,0,0,0,0,0,0,0,0,0,0,0,0,0,0,0,0,0,0,0,0,0,0,0,0,0,0,0,0,0,0,0,0,0,0,0,0,0,0,0,0,0,0,0,0,0,0,0,0,0,0,0,0,0,0,0,0,0,0,0,0,0,0,0,0,0,0,0,0,0,0,0,0,0,0,0,0,0,0,0,0,0,0,0,0,0,0,0,0,0,0,0,0,0,0,0,0,0,0,0,0,0,0,0,0,0,0,0,0,0,0,0,0,0,0,0,0,0,0,0,0,0,0,0,0,0,0,0,0,0,0,0,0,0,0,0,0,0,0,0,0,0,0,0,0,0,0,0,0,0,0,0,0,0,0,0,0,0,0,0,0,0,0,0,0,0,0,0,0,0,0,0,0,0,0,0,0,0,0,0,0,0,0,0,0,0,0,0,0,0,0,0,0,0,0,0,0,0,0,0,0,0,0,0,0,0,0,0,0,0,0,0,0,0,0,0,0,0,0,0,0,0,0,0,0,0,0,0,0,0,0,0,0,0,0,0,0,0,0,0,0,0,0,0,0,0,0,0,0,0,0,0,0,0,0,0,0,0,0,0,0,0,0,0,1,1,1,0,0,0,0,0,1,0,0,0,0,0,0,0,1,0,2,0,0,0,0,1,2,1,1,0,1,0,0,0,1,3,1,2,1,2,1,1,0,1,2,2,2,4,1,2,3,2,0,2,1,1,5,3,5,6,3,2,4,6,3,3,4,7,5,6,2,5,2,4,7,5,9,9,8,5,10,4,7,10,11,5,10,8,6,7,7,9,14,19,9,12,15,15,15,10,11,14,15,11,17,15,19,22,21,14,15,22,22,12,19,26,26,25,33,23,18,21,34,28,25,30,31,22,24,27,31,25,39,42,40,40,32,40,45,34,28,46,45,52,55,44,52,42,59,55,50,47,51,46,60,57,47,52,68,61,65,63,68,60,66,68,70,58,82,68,88,76,78,87,86,84,88,93,84,93,86,95,84,87,88,83,88,94,94,88,101,106,103,111,112,99,109,113,114,116,111,107,125,113,141,125,118,124,125,135,116,127,135,145,131,167,159,137,134,129,165,119,159,148,160,156,162,175,190,183,166,163,172,183,199,194,196,177,190,238,197,213,230,212,218,228,229,239,229,232,246,237,263,276,244,272,257,283,229,236,273,288,293,300,260,284,283,328,297,320,304,323,304,328,321,327,322,320,343,310,305,358,392,312,337,312,339,340,355,342,338,329,341,331,321,326,341,353,349,325,371,353,327,316,347,351,358,338,361,318,335,334,332,345,331,312,330,330,327,324,309,287,300,300,300,340,347,306,309,299,299,329,324,324,305,290,295,294,289,314,263,293,262,247,269,231,251,281,258,280,266,236,265,265,201,249,245,244,213,222,225,233,245,230,231,212,205,205,214,215,202,195,208,200,194,228,189,208,202,216,183,187,168,168,201,196,166,182,166,168,188,162,169,140,153,178,184,191,135,165,152,148,159,153,172,163,156,147,151,161,148,148,152,158,155,133,128,151,141,150,157,140,139,157,158,126,158,156,159,130,137,141,153,156,149,154,160,152,175,162,167,165,152,147,170,142,127,182,149,145,143,141,146,175,167,159,168,160,146,165,165,158,173,165,170,161,164,193,180,170
0,0,0,0,0,0,0,0,0,0,0,0,0,0,0,0,0,0,0,0,0,0,0,0,0,0,0,0,0,0,0,0,0,0,0,0,0,0,0,0,0,0,0,0,0,0,0,0,0,0,0,0,0,0,0,0,0,0,0,0,0,0,0,0,0,0,0,0,0,0,0,0,0,0,0,0,0,0,0,0,0,0,0,0,0,0,0,0,0,0,0,0,0,0,0,0,0,0,0,0,0,0,0,0,0,0,0,0,0,0,0,0,0,0,0,0,0,0,0,0,0,0,0,0,0,0,0,0,0,0,0,0,0,0,0,0,0,0,0,0,0,0,0,0,0,0,0,0,0,0,0,0,0,0,0,0,0,0,0,0,0,0,0,0,0,0,0,0,0,0,0,0,0,0,0,0,0,0,0,0,0,0,0,0,0,0,0,0,0,0,0,0,0,0,0,0,0,0,0,0,0,0,0,0,0,0,0,0,0,0,0,0,0,0,0,0,0,0,0,0,0,0,0,0,0,0,0,0,0,0,0,0,0,0,0,0,0,0,0,0,0,0,0,0,0,0,0,0,0,0,0,0,0,0,0,0,0,0,0,0,0,0,0,0,0,0,0,0,0,0,0,0,0,0,0,0,0,0,0,0,0,0,0,0,0,0,0,0,0,0,0,0,0,0,0,0,0,0,0,0,0,0,0,0,0,0,0,0,0,0,0,0,0,0,0,0,0,0,0,0,0,0,0,0,0,0,0,1,0,1,0,0,0,0,0,0,1,0,0,1,0,1,0,0,1,0,1,0,1,1,2,0,1,0,0,0,1,1,0,0,0,0,0,1,1,0,0,1,0,0,3,0,3,1,1,2,0,1,0,1,1,0,3,6,2,2,3,2,5,1,1,6,5,4,2,2,4,4,4,6,2,6,8,2,5,6,2,8,4,6,7,5,7,11,5,8,10,8,8,9,9,6,13,17,12,9,13,12,15,15,18,14,10,17,16,17,22,18,14,13,19,13,25,27,17,21,24,27,26,29,22,14,31,26,36,18,31,31,33,27,37,30,31,40,41,49,38,44,41,38,56,34,36,42,45,44,54,50,46,52,53,61,48,53,56,50,49,63,55,68,65,70,69,64,59,63,64,80,58,69,83,91,97,95,84,81,79,91,64,82,84,100,92,97,100,97,80,90,96,101,119,131,108,100,102,91,92,121,110,111,107,126,123,114,113,130,123,122,124,136,122,124,141,146,127,156,119,144,142,167,157,156,145,145,160,160,176,163,181,151,182,133,187,199,176,175,210,206,195,170,194,199,222,208,265,216,234,242,223,216,235,244,249,228,269,254,230,276,268,261,281,281,245,295,295,253,276,313,311,278,328,335,305,304,308,316,346,326,315,322,361,323,328,349,337,317,354,347,368,336,336,370,374,341,320,344,352,367,344,344,361,308,308,341,351,353,338,326,354,304,338,345,387,321,341,342,317,318,315,299,323,360,338,325,319,334,327,325,311,300,273,328,295,270,309,270,292,285,257,283,284,272,281,291,253,266,256,245,260,254,246,223,249,238,259,240,248,211,233,226,197,247,253,189,240,220,234,217,207,218,198,212,217,227,220,211,208,193,182,174,212,181,190,219,182,179,198,163,177,194,184,192,183,173,165,161,153,151,157,148,161,160,141,152,171,137,153,168,163,178,152,151,162,139,163,159,158,144,143,160,155,121,136,130,149,149,150,153,138,157,163,147,138,155,130,164,152,157,156,143,160,162,160,137,131,164,149,158,146,145,163,132,150,161,148,143,171,163,155,155,173,165,164,169,178,167,192,177,140,152
0,0,0,0,0,0,0,0,0,0,0,0,0,0,0,0,0,0,0,0,0,0,0,0,0,0,0,0,0,0,0,0,0,0,0,0,0,0,0,0,0,0,0,0,0,0,0,0,0,0,0,0,0,0,0,0,0,0,0,0,0,0,0,0,0,0,0,0,0,0,0,0,0,0,0,0,0,0,0,0,0,0,0,0,0,0,0,0,0,0,0,0,0,0,0,0,0,0,0,0,0,0,0,0,0,0,0,0,0,0,0,0,0,0,0,0,0,0,0,0,0,0,0,0,0,0,0,0,0,0,0,0,0,0,0,0,0,0,0,0,0,0,0,0,0,0,0,0,0,0,0,0,0,0,0,0,0,0,0,0,0,0,0,0,0,0,0,0,0,0,0,0,0,0,0,0,0,0,0,0,0,0,0,0,0,0,0,0,0,0,0,0,0,0,0,0,0,0,0,0,0,0,0,0,0,0,0,0,0,0,0,0,0,0,0,0,0,0,0,0,0,0,0,0,0,0,0,0,0,0,0,0,0,0,0,0,0,0,0,0,0,0,0,0,0,0,0,0,0,0,0,0,0,0,0,0,0,0,0,0,0,0,0,0,0,0,0,0,0,0,0,0,0,0,0,0,0,0,0,0,0,0,0,0,0,0,0,0,0,0,0,0,0,0,0,0,0,0,0,0,0,0,0,0,0,0,0,0,0,1,0,0,0,0,0,0,0,0,0,0,0,0,0,0,0,0,0,1,0,0,0,0,0,0,0,0,2,0,0,0,1,0,2,0,0,0,0,0,1,1,0,1,1,1,0,1,0,0,0,0,0,1,0,0,1,4,0,1,0,4,0,1,2,1,1,1,2,0,0,0,3,2,5,1,2,4,2,4,5,4,4,2,6,0,5,3,5,3,5,3,3,4,5,5,8,2,2,3,6,5,6,5,7,8,5,6,6,8,10,10,11,9,8,6,19,10,13,11,18,16,16,10,21,13,13,19,16,18,21,13,16,12,17,19,18,23,20,25,20,15,26,30,23,32,35,27,37,38,31,30,41,37,36,35,39,40,46,39,37,34,35,42,40,40,49,57,57,39,46,54,50,47,51,67,51,58,54,73,63,66,62,61,70,76,56,65,73,63,66,73,70,62,86,71,84,93,95,79,89,96,82,89,85,108,103,88,88,100,87,113,108,98,109,97,88,108,114,108,113,116,126,110,130,128,130,121,141,113,128,142,119,132,145,143,148,149,163,147,156,154,141,162,162,167,182,173,189,164,176,173,184,178,174,212,165,198,217,227,206,191,200,213,208,228,239,229,204,230,260,231,233,233,251,224,226,271,239,235,266,269,270,283,281,284,322,273,300,285,303,310,304,309,283,308,320,339,329,323,330,345,337,329,352,322,348,338,324,369,339,340,310,364,369,320,313,336,340,350,364,347,359,339,373,362,332,314,324,343,340,323,346,318,337,339,302,343,328,301,299,351,345,313,341,306,331,333,295,289,343,284,311,311,265,301,303,286,328,281,291,264,305,255,289,270,268,283,256,256,237,239,283,235,261,223,228,228,226,233,243,226,226,217,234,240,229,199,214,204,210,197,218,190,198,206,193,188,189,181,208,206,198,166,190,202,189,180,179,199,173,165,172,187,158,181,137,143,180,158,142,150,152,181,149,179,162,142,169,140,142,148,143,156,148,163,143,125,162,142,135,139,160,152,157,159,154,156,127,148,169,154,158,159,157,146,131,154,159,166,141,145,153,164,138,145,173,154,157,140,129,156,174,139,164,162,165,176,159,159,181,140,178,169,185,190,145,168,184,200,177,194
0,0,0,0,0,0,0,0,0,0,0,0,0,0,0,0,0,0,0,0,0,0,0,0,0,0,0,0,0,0,0,0,0,0,0,0,0,0,0,0,0,0,0,0,0,0,0,0,0,0,0,0,0,0,0,0,0,0,0,0,0,0,0,0,0,0,0,0,0,0,0,0,0,0,0,0,0,0,0,0,0,0,0,0,0,0,0,0,0,0,0,0,0,0,0,0,0,0,0,0,0,0,0,0,0,0,0,0,0,0,0,0,0,0,0,0,0,0,0,0,0,0,0,0,0,0,0,0,0,0,0,0,0,0,0,0,0,0,0,0,0,0,0,0,0,0,0,0,0,0,0,0,0,0,0,0,0,0,0,0,0,0,0,0,0,0,0,0,0,0,0,0,0,0,0,0,0,0,0,0,0,0,0,0,0,0,0,0,0,0,0,0,0,0,0,0,0,0,0,0,0,0,0,0,0,0,0,0,0,0,0,0,0,0,0,0,0,0,0,0,0,0,0,0,0,0,0,0,0,0,0,0,0,0,0,0,0,0,0,0,0,0,0,0,0,0,0,0,0,0,0,0,0,0,0,0,0,0,0,0,0,0,0,0,0,0,0,0,0,0,0,0,0,0,0,0,0,0,0,0,0,0,0,0,0,0,0,0,0,0,0,0,0,0,0,0,0,0,0,0,0,0,0,0,0,0,0,0,0,0,0,0,0,0,0,0,1,0,0,0,0,0,0,1,0,0,0,0,0,0,0,0,0,0,0,1,0,0,0,0,0,0,0,0,0,1,1,0,1,1,0,1,1,1,0,0,0,1,1,0,2,1,1,0,1,0,1,2,0,1,1,0,1,0,0,0,2,1,1,2,0,1,4,0,2,2,2,2,4,4,1,3,0,9,8,4,4,3,4,2,5,3,5,7,4,2,4,8,4,7,8,4,8,7,4,6,5,10,9,13,8,17,11,9,11,16,15,14,11,17,10,19,10,13,21,11,16,13,22,22,19,21,24,21,25,14,23,18,30,13,26,28,31,26,23,30,30,21,26,35,35,41,28,39,47,33,33,35,43,38,34,50,45,37,46,43,34,49,59,44,63,50,49,58,53,54,50,62,58,61,54,64,64,72,59,71,75,72,57,78,64,79,77,73,84,82,64,73,88,75,89,78,114,76,88,96,102,89,88,107,103,101,102,84,114,100,118,118,109,106,114,129,129,118,120,119,127,122,118,119,134,116,126,144,135,138,129,146,154,164,140,156,180,142,182,155,181,172,157,173,190,197,187,193,204,171,189,172,200,181,192,219,210,203,237,235,219,242,241,245,223,262,261,254,221,253,254,277,256,263,264,267,260,274,271,277,273,300,323,317,293,322,303,337,339,334,320,312,307,298,327,328,318,341,325,344,301,346,348,333,325,345,329,364,349,322,309,347,352,352,364,376,319,333,350,351,383,332,345,357,371,332,321,340,333,339,363,329,296,337,296,308,307,332,328,315,305,344,301,304,318,284,295,283,296,296,263,275,276,314,276,286,262,263,263,284,281,237,243,258,248,253,254,258,245,230,250,238,233,234,217,242,221,229,233,234,215,234,201,188,191,193,178,181,191,206,193,204,186,198,179,179,171,172,200,180,182,179,154,164,158,181,171,174,157,150,142,176,151,152,163,145,161,156,140,154,139,165,157,138,164,138,143,137,167,144,172,160,144,145,147,141,152,144,147,157,152,124,154,128,151,142,157,132,145,165,155,147,129,141,128,148,152,187,166,135,154,144,140,142,145,169,147,150,151,160,151,188,158,156,151,165,175,162,163,169,162,174,151,172
0,0,0,0,0,0,0,0,0,0,0,0,0,0,0,0,0,0,0,0,0,0,0,0,0,0,0,0,0,0,0,0,0,0,0,0,0,0,0,0,0,0,0,0,0,0,0,0,0,0,0,0,0,0,0,0,0,0,0,0,0,0,0,0,0,0,0,0,0,0,0,0,0,0,0,0,0,0,0,0,0,0,0,0,0,0,0,0,0,0,0,0,0,0,0,0,0,0,0,0,0,0,0,0,0,0,0,0,0,0,0,0,0,0,0,0,0,0,0,0,0,0,0,0,0,0,0,0,0,0,0,0,0,0,0,0,0,0,0,0,0,0,0,0,0,0,0,0,0,0,0,0,0,0,0,0,0,0,0,0,0,0,0,0,0,0,0,0,0,0,0,0,0,0,0,0,0,0,0,0,0,0,0,0,0,0,0,0,0,0,0,0,0,0,0,0,0,0,0,0,0,0,0,0,0,0,0,0,0,0,0,0,0,0,0,0,0,0,0,0,0,0,0,0,0,0,0,0,0,0,0,0,0,0,0,0,0,0,0,0,0,0,0,0,0,0,0,0,0,0,0,0,0,0,0,0,0,0,0,0,0,0,0,0,0,0,0,0,0,0,0,0,0,0,0,0,0,0,0,0,0,0,0,0,0,0,0,0,0,0,0,0,0,0,0,0,0,0,0,0,0,0,0,0,0,0,0,0,0,0,0,0,0,0,0,0,0,0,0,0,0,0,0,0,0,1,0,0,1,0,0,1,0,0,0,1,0,0,0,0,0,0,1,0,0,0,0,1,0,2,0,0,0,0,1,0,0,1,0,0,0,2,1,0,0,2,2,1,0,0,1,2,2,3,0,3,0,0,2,3,4,0,1,0,3,2,1,0,3,5,3,2,7,1,7,3,7,3,3,2,5,3,9,7,5,4,6,5,5,5,8,5,8,9,8,11,10,15,6,18,9,17,10,12,13,8,19,11,13,15,12,16,9,16,8,7,8,27,19,14,17,19,15,25,25,25,25,19,25,21,29,28,32,37,23,24,23,36,37,30,41,35,27,40,44,34,32,46,38,40,41,33,35,39,49,50,39,41,42,56,55,57,42,45,67,75,53,59,57,53,57,63,64,69,71,64,77,68,61,70,73,78,75,85,77,86,87,76,101,94,78,95,92,94,84,83,114,83,97,83,95,113,87,94,95,117,111,124,116,118,123,148,139,123,123,122,104,123,116,126,135,134,113,161,125,153,147,171,154,150,166,162,150,150,154,171,165,175,167,178,167,168,193,169,190,189,214,169,186,180,200,183,211,202,190,189,238,239,219,225,247,238,256,228,276,279,283,233,265,245,240,274,265,268,303,310,273,308,331,325,312,341,313,332,314,302,304,328,308,366,333,313,329,323,301,324,322,356,323,350,366,366,361,366,327,354,357,335,318,351,343,343,345,313,349,326,336,326,346,339,368,342,352,313,318,327,345,321,348,313,288,325,306,323,309,305,310,310,317,318,291,315,280,309,309,298,267,281,309,297,286,293,285,293,249,286,250,276,244,285,250,264,247,238,250,216,251,233,265,247,265,224,209,219,234,214,224,208,219,168,203,185,174,218,228,206,170,190,177,193,178,179,162,193,194,192,198,171,188,178,185,181,170,177,154,169,182,164,142,180,153,157,155,159,154,157,176,154,147,152,172,142,146,148,149,154,170,147,138,132,129,181,133,148,138,147,163,151,142,141,129,156,147,141,148,149,166,178,160,149,144,143,159,164,163,153,156,139,164,160,157,154,156,162,153,148,165,150,151,167,164,168,169,164,193,156,171,190,162,162
0,0,0,0,0,0,0,0,0,0,0,0,0,0,0,0,0,0,0,0,0,0,0,0,0,0,0,0,0,0,0,0,0,0,0,0,0,0,0,0,0,0,0,0,0,0,0,0,0,0,0,0,0,0,0,0,0,0,0,0,0,0,0,0,0,0,0,0,0,0,0,0,0,0,0,0,0,0,0,0,0,0,0,0,0,0,0,0,0,0,0,0,0,0,0,0,0,0,0,0,0,0,0,0,0,0,0,0,0,0,0,0,0,0,0,0,0,0,0,0,0,0,0,0,0,0,0,0,0,0,0,0,0,0,0,0,0,0,0,0,0,0,0,0,0,0,0,0,0,0,0,0,0,0,0,0,0,0,0,0,0,0,0,0,0,0,0,0,0,0,0,0,0,0,0,0,0,0,0,0,0,0,0,0,0,0,0,0,0,0,0,0,0,0,0,0,0,0,0,0,0,0,0,0,0,0,0,0,0,0,0,0,0,0,0,0,0,0,0,0,0,0,0,0,0,0,0,0,0,0,0,0,0,0,0,0,0,0,0,0,0,0,0,0,0,0,0,0,0,0,0,0,0,0,0,0,0,0,0,0,0,0,0,0,0,0,0,0,0,0,0,0,0,0,0,0,0,0,0,0,0,0,0,0,0,0,0,0,0,0,0,0,0,0,0,0,0,0,0,0,0,0,0,0,0,0,0,0,0,1,0,0,0,0,0,0,0,1,0,0,0,0,0,0,0,0,0,0,0,0,0,1,0,0,0,0,0,0,0,0,0,0,1,1,0,0,0,1,0,1,1,0,0,0,0,0,0,0,0,1,0,0,0,1,0,0,0,1,0,1,2,1,1,1,3,1,3,0,1,0,3,1,1,5,3,2,4,3,3,1,3,2,1,4,3,2,3,0,4,2,5,4,3,3,4,6,2,4,3,3,7,7,11,2,5,9,8,13,12,10,10,7,10,8,16,15,10,15,14,17,18,23,14,12,21,13,9,19,21,17,13,23,24,26,23,25,26,14,27,30,31,25,24,31,29,31,30,26,28,36,32,34,35,52,40,43,33,36,32,52,41,42,41,51,48,42,48,53,55,60,55,54,61,65,52,60,61,55,64,58,82,69,63,69,70,79,61,75,61,78,84,79,77,91,81,66,77,85,77,85,89,104,92,83,89,89,92,92,86,100,87,111,113,106,101,107,102,112,128,97,117,121,128,114,105,125,128,128,127,150,132,118,149,145,137,133,143,131,138,136,163,146,151,169,160,163,147,140,181,156,190,191,202,222,204,197,185,183,200,201,210,205,190,225,219,217,223,209,229,250,232,262,237,242,250,243,240,260,265,269,313,276,299,279,272,297,290,276,338,290,323,324,315,302,304,300,316,313,340,315,308,354,350,339,351,354,336,318,358,344,293,351,382,341,349,335,364,358,338,352,317,331,346,322,340,311,337,374,309,342,339,331,336,334,344,347,325,338,320,338,317,342,304,330,329,314,293,306,327,302,307,307,280,278,289,280,309,292,252,299,301,246,294,303,285,270,264,257,232,281,253,261,254,247,238,260,253,227,255,217,233,205,227,209,207,230,199,225,210,212,191,199,180,185,202,193,195,182,210,183,176,181,165,166,185,177,188,178,186,165,166,181,147,151,164,158,169,142,141,137,179,160,168,185,134,164,143,152,165,147,148,134,149,151,170,140,159,164,145,169,152,144,159,145,158,162,151,139,123,173,133,158,153,145,141,140,160,141,129,146,144,119,151,151,165,141,176,139,172,142,146,136,155,167,152,170,149,171,155,159,171,198,168,181,178,188,170,169,187,158
0,0,0,0,0,0,0,0,0,0,0,0,0,0,0,0,0,0,0,0,0,0,0,0,0,0,0,0,0,0,0,0,0,0,0,0,0,0,0,0,0,0,0,0,0,0,0,0,0,0,0,0,0,0,0,0,0,0,0,0,0,0,0,0,0,0,0,0,0,0,0,0,0,0,0,0,0,0,0,0,0,0,0,0,0,0,0,0,0,0,0,0,0,0,0,0,0,0,0,0,0,0,0,0,0,0,0,0,0,0,0,0,0,0,0,0,0,0,0,0,0,0,0,0,0,0,0,0,0,0,0,0,0,0,0,0,0,0,0,0,0,0,0,0,0,0,0,0,0,0,0,0,0,0,0,0,0,0,0,0,0,0,0,0,0,0,0,0,0,0,0,0,0,0,0,0,0,0,0,0,0,0,0,0,0,0,0,0,0,0,0,0,0,0,0,0,0,0,0,0,0,0,0,0,0,0,0,0,0,0,0,0,0,0,0,0,0,0,0,0,0,0,0,0,0,0,0,0,0,0,0,0,0,0,0,0,0,0,0,0,0,0,0,0,0,0,0,0,0,0,0,0,0,0,0,0,0,0,0,0,0,0,0,0,0,0,0,0,0,0,0,0,0,0,0,0,0,0,0,0,0,0,0,0,0,0,0,0,0,0,0,0,0,0,0,0,0,0,0,0,0,0,0,0,0,0,0,0,0,0,0,0,0,0,0,0,0,0,0,0,0,0,0,0,0,0,0,0,0,0,0,0,0,0,0,0,0,0,0,1,1,0,0,0,0,2,0,1,0,2,0,1,1,0,0,1,0,0,2,1,1,1,1,0,2,2,0,1,1,2,1,1,0,3,3,0,2,0,3,3,0,2,0,2,1,1,2,2,3,4,4,5,1,4,2,3,4,2,3,2,3,9,8,6,5,3,5,4,8,12,12,12,6,9,13,12,9,12,12,12,5,6,14,10,8,14,13,9,11,15,10,22,15,15,12,11,25,18,21,19,13,20,14,18,20,22,21,27,20,14,20,19,24,27,29,30,39,36,28,39,21,31,29,42,41,48,42,34,45,34,42,45,41,37,41,52,47,37,46,66,60,52,51,65,51,64,57,68,51,44,65,75,56,67,78,70,79,84,76,72,73,72,71,85,91,100,79,76,96,88,91,89,95,81,117,88,82,109,83,84,106,88,117,110,96,100,111,96,116,117,136,110,136,137,121,119,133,114,116,142,116,157,134,133,118,137,146,147,133,151,159,153,154,149,143,163,141,159,148,171,183,162,188,163,169,187,194,185,210,200,191,231,227,219,228,225,215,236,233,229,243,233,241,267,253,251,271,240,288,239,251,296,282,264,307,244,281,297,307,329,346,302,295,302,331,337,295,366,314,357,310,287,321,361,312,308,339,337,352,369,347,347,315,354,314,353,343,340,318,327,355,341,358,308,359,332,341,355,353,342,350,350,315,354,325,333,324,319,311,310,322,336,323,330,318,341,305,303,284,318,306,303,297,276,280,292,281,284,270,297,282,283,273,248,257,251,246,260,226,241,259,224,280,265,236,224,219,221,254,223,227,234,221,236,232,225,216,230,215,188,229,195,223,195,223,181,167,193,181,170,196,182,189,159,202,171,164,169,185,161,158,190,162,173,188,146,164,135,157,143,172,172,175,155,138,149,159,166,163,125,133,150,147,126,146,137,136,148,147,140,165,155,139,149,149,175,125,133,159,155,159,145,149,140,133,152,145,138,128,167,152,140,155,140,149,173,153,173,156,176,131,159,142,141,171,159,158,153,143,164,154,172,154,156,152,163,172,155,175,181
0,0,0,0,0,0,0,0,0,0,0,0,0,0,0,0,0,0,0,0,0,0,0,0,0,0,0,0,0,0,0,0,0,0,0,0,0,0,0,0,0,0,0,0,0,0,0,0,0,0,0,0,0,0,0,0,0,0,0,0,0,0,0,0,0,0,0,0,0,0,0,0,0,0,0,0,0,0,0,0,0,0,0,0,0,0,0,0,0,0,0,0,0,0,0,0,0,0,0,0,0,0,0,0,0,0,0,0,0,0,0,0,0,0,0,0,0,0,0,0,0,0,0,0,0,0,0,0,0,0,0,0,0,0,0,0,0,0,0,0,0,0,0,0,0,0,0,0,0,0,0,0,0,0,0,0,0,0,0,0,0,0,0,0,0,0,0,0,0,0,0,0,0,0,0,0,0,0,0,0,0,0,0,0,0,0,0,0,0,0,0,0,0,0,0,0,0,0,0,0,0,0,0,0,0,0,0,0,0,0,0,0,0,0,0,0,0,0,0,0,0,0,0,0,0,0,0,0,0,0,0,0,0,0,0,0,0,0,0,0,0,0,0,0,0,0,0,0,0,0,0,0,0,0,0,0,0,0,0,0,0,0,0,0,0,0,0,0,0,0,0,0,0,0,0,0,0,0,0,0,0,0,0,0,0,0,0,0,0,0,0,0,0,0,0,0,0,0,0,0,0,0,0,0,0,0,0,0,0,0,0,0,0,0,0,0,0,0,0,0,0,1,0,0,0,0,0,0,0,1,0,0,0,0,1,0,0,0,0,0,0,0,1,1,0,1,0,0,0,0,1,1,0,1,0,0,1,1,0,1,1,1,0,0,1,2,2,1,0,0,0,1,2,1,0,3,0,1,2,3,1,3,1,2,0,5,5,0,9,1,2,2,1,2,6,3,3,0,4,3,5,3,2,4,2,5,1,7,6,12,7,11,9,7,10,9,13,6,7,3,10,8,14,17,11,7,13,13,19,16,11,15,9,20,13,19,15,16,22,22,17,10,25,23,21,24,28,32,19,26,20,30,29,28,31,29,30,33,34,36,43,34,33,40,30,36,38,48,40,41,48,31,48,47,38,44,41,56,49,54,49,46,39,49,64,46,42,57,57,65,56,75,66,63,85,59,71,68,71,81,65,70,58,79,79,83,87,81,77,85,80,94,91,104,103,78,93,103,104,93,93,99,113,98,87,106,108,113,135,120,117,109,106,109,120,109,109,128,123,112,139,131,139,131,149,122,136,137,158,151,190,150,166,134,168,147,155,161,176,176,199,156,180,188,174,201,199,194,199,204,206,191,238,247,224,218,221,205,221,240,260,247,236,254,238,268,246,264,287,292,288,291,298,288,307,314,317,281,289,304,280,315,297,309,293,336,292,325,329,321,323,304,293,317,351,327,346,373,315,317,357,360,352,369,301,342,319,318,342,334,329,347,334,345,317,329,377,354,361,324,348,358,357,367,268,353,342,325,342,330,333,318,286,330,320,307,305,341,339,307,326,311,286,276,260,307,278,270,276,270,270,273,271,262,268,260,233,241,242,295,256,274,223,218,236,258,243,240,248,247,230,238,233,231,226,219,220,215,216,190,211,226,216,177,221,173,211,191,201,192,178,202,182,171,176,193,187,188,151,170,166,146,159,175,185,157,191,158,151,152,160,158,165,141,163,159,156,160,174,156,156,140,167,163,140,173,147,127,165,142,143,147,153,148,142,134,152,152,142,166,130,167,151,143,135,154,148,159,150,156,137,146,140,139,145,149,153,155,157,166,140,167,158,149,149,164,168,160,155,151,171,145,176,171,181,172,145,185,171,176
0,0,0,0,0,0,0,0,0,0,0,0,0,0,0,0,0,0,0,0,0,0,0,0,0,0,0,0,0,0,0,0,0,0,0,0,0,0,0,0,0,0,0,0,0,0,0,0,0,0,0,0,0,0,0,0,0,0,0,0,0,0,0,0,0,0,0,0,0,0,0,0,0,0,0,0,0,0,0,0,0,0,0,0,0,0,0,0,0,0,0,0,0,0,0,0,0,0,0,0,0,0,0,0,0,0,0,0,0,0,0,0,0,0,0,0,0,0,0,0,0,0,0,0,0,0,0,0,0,0,0,0,0,0,0,0,0,0,0,0,0,0,0,0,0,0,0,0,0,0,0,0,0,0,0,0,0,0,0,0,0,0,0,0,0,0,0,0,0,0,0,0,0,0,0,0,0,0,0,0,0,0,0,0,0,0,0,0,0,0,0,0,0,0,0,0,0,0,0,0,0,0,0,0,0,0,0,0,0,0,0,0,0,0,0,0,0,0,0,0,0,0,0,0,0,0,0,0,0,0,0,0,0,0,0,0,0,0,0,0,0,0,0,0,0,0,0,0,0,0,0,0,0,0,0,0,0,0,0,0,0,0,0,0,0,0,0,0,0,0,0,0,0,0,0,0,0,0,0,0,0,0,0,0,0,0,0,0,0,0,0,0,0,0,0,0,0,0,0,0,0,0,0,0,0,0,0,0,0,0,0,0,0,0,0,0,0,0,0,1,0,0,0,0,0,0,0,0,0,0,0,0,0,0,0,0,0,1,0,1,0,0,0,0,0,0,0,0,0,1,0,0,0,1,0,1,0,0,0,0,0,1,1,1,0,3,1,0,0,1,1,0,1,2,1,2,0,1,0,0,3,2,1,4,0,1,2,2,5,5,4,4,5,3,3,2,5,6,4,7,7,6,6,4,5,8,10,5,9,9,11,9,9,7,7,8,9,9,5,13,17,7,12,13,13,8,11,14,19,17,18,12,15,14,17,16,18,20,14,21,17,15,24,30,26,25,29,35,19,25,25,32,32,38,23,28,32,34,29,42,36,34,43,30,40,35,43,35,36,45,39,36,56,45,52,51,49,34,50,47,48,53,61,52,60,70,75,64,61,65,42,77,64,57,49,71,72,78,72,79,67,70,66,79,92,79,81,85,102,91,78,77,84,94,98,102,101,91,78,96,91,118,106,94,112,110,98,105,123,114,107,129,99,99,123,125,106,137,144,135,134,156,150,161,144,156,163,138,134,163,151,168,133,155,166,127,154,162,162,159,172,182,151,164,180,197,189,197,211,192,211,173,234,210,211,215,221,242,190,231,236,233,234,242,259,250,253,251,259,264,289,272,265,293,291,298,286,303,315,286,299,305,301,300,331,354,309,310,308,363,345,321,338,329,318,349,347,344,337,316,340,349,346,360,340,337,343,361,342,382,354,341,396,345,328,321,311,385,353,336,361,345,327,347,350,311,321,313,340,344,322,338,316,343,317,340,337,344,341,307,287,300,314,293,297,289,312,317,277,284,276,287,265,278,278,291,284,247,279,231,268,227,208,249,249,270,253,252,256,214,234,202,209,233,211,212,191,210,228,204,197,231,206,195,202,199,214,175,193,197,194,205,196,168,186,157,179,192,179,155,172,160,158,178,172,165,141,185,154,175,159,167,165,148,157,159,158,163,161,129,158,150,150,149,138,160,140,153,156,165,163,140,149,150,153,148,157,133,139,166,146,153,129,162,139,133,129,146,133,169,162,151,162,148,155,149,147,143,120,167,160,132,152,155,141,168,155,174,178,164,139,154,147,158,155,185,170,167,169,179
0,0,0,0,0,0,0,0,0,0,0,0,0,0,0,0,0,0,0,0,0,0,0,0,0,0,0,0,0,0,0,0,0,0,0,0,0,0,0,0,0,0,0,0,0,0,0,0,0,0,0,0,0,0,0,0,0,0,0,0,0,0,0,0,0,0,0,0,0,0,0,0,0,0,0,0,0,0,0,0,0,0,0,0,0,0,0,0,0,0,0,0,0,0,0,0,0,0,0,0,0,0,0,0,0,0,0,0,0,0,0,0,0,0,0,0,0,0,0,0,0,0,0,0,0,0,0,0,0,0,0,0,0,0,0,0,0,0,0,0,0,0,0,0,0,0,0,0,0,0,0,0,0,0,0,0,0,0,0,0,0,0,0,0,0,0,0,0,0,0,0,0,0,0,0,0,0,0,0,0,0,0,0,0,0,0,0,0,0,0,0,0,0,0,0,0,0,0,0,0,0,0,0,0,0,0,0,0,0,0,0,0,0,0,0,0,0,0,0,0,0,0,0,0,0,0,0,0,0,0,0,0,0,0,0,0,0,0,0,0,0,0,0,0,0,0,0,0,0,0,0,0,0,0,0,0,0,0,0,0,0,0,0,0,0,0,0,0,0,0,0,0,0,0,0,0,0,0,0,0,0,0,0,0,0,0,0,0,0,0,0,0,0,0,0,0,0,0,0,0,0,0,0,0,0,0,0,0,0,0,0,0,0,0,0,0,0,0,0,0,0,0,0,0,0,0,0,0,0,0,0,0,0,0,0,1,0,0,0,1,0,0,0,0,0,0,0,0,1,0,0,0,0,1,2,0,0,0,0,1,3,0,0,1,1,0,0,1,0,1,0,2,1,3,1,0,1,0,0,2,1,3,1,5,1,2,3,3,4,2,7,4,5,7,7,2,1,3,2,4,4,3,4,5,5,10,3,2,4,6,10,5,7,8,7,9,1,16,4,4,7,10,6,19,12,10,15,11,16,16,11,12,16,16,14,14,16,15,22,17,17,24,20,19,29,28,16,31,20,30,30,21,21,36,23,32,34,31,41,30,32,28,39,41,28,32,42,57,32,47,48,48,39,46,51,41,51,47,50,51,52,63,54,64,38,60,51,51,81,61,57,61,58,70,49,78,73,69,76,84,75,86,67,82,70,86,84,79,99,96,82,83,93,86,97,85,106,105,98,98,95,89,104,124,117,126,96,116,94,115,127,127,137,108,115,117,120,130,140,130,109,156,131,160,130,146,147,151,142,134,145,143,162,157,147,132,165,175,149,191,160,169,179,198,197,180,193,198,183,207,216,207,230,229,229,233,186,255,233,232,221,229,246,251,242,251,276,260,273,276,234,261,280,262,279,286,278,290,313,337,337,300,269,310,323,355,326,294,271,317,344,304,374,321,324,340,344,369,350,343,381,378,341,315,335,347,306,362,346,324,332,356,356,341,341,340,380,315,380,310,314,344,331,323,345,331,324,351,321,332,341,339,318,307,308,329,329,341,325,298,335,301,308,273,290,306,286,298,281,265,259,285,304,250,235,239,258,256,229,269,230,239,271,223,248,259,238,226,251,243,223,240,246,226,238,200,225,218,224,217,222,194,171,194,185,172,181,221,201,190,212,180,184,188,196,167,176,186,185,170,176,187,159,182,179,165,169,179,172,141,148,159,152,158,174,146,164,185,153,160,141,148,145,135,151,126,129,142,158,134,138,152,147,140,143,141,155,151,156,172,158,128,170,151,146,145,152,172,155,154,151,142,148,136,164,145,144,161,157,159,163,165,152,154,167,161,146,154,165,167,165,166,164,159,172,188,177,183,187,191
0,0,0,0,0,0,0,0,0,0,0,0,0,0,0,0,0,0,0,0,0,0,0,0,0,0,0,0,0,0,0,0,0,0,0,0,0,0,0,0,0,0,0,0,0,0,0,0,0,0,0,0,0,0,0,0,0,0,0,0,0,0,0,0,0,0,0,0,0,0,0,0,0,0,0,0,0,0,0,0,0,0,0,0,0,0,0,0,0,0,0,0,0,0,0,0,0,0,0,0,0,0,0,0,0,0,0,0,0,0,0,0,0,0,0,0,0,0,0,0,0,0,0,0,0,0,0,0,0,0,0,0,0,0,0,0,0,0,0,0,0,0,0,0,0,0,0,0,0,0,0,0,0,0,0,0,0,0,0,0,0,0,0,0,0,0,0,0,0,0,0,0,0,0,0,0,0,0,0,0,0,0,0,0,0,0,0,0,0,0,0,0,0,0,0,0,0,0,0,0,0,0,0,0,0,0,0,0,0,0,0,0,0,0,0,0,0,0,0,0,0,0,0,0,0,0,0,0,0,0,0,0,0,0,0,0,0,0,0,0,0,0,0,0,0,0,0,0,0,0,0,0,0,0,0,0,0,0,0,0,0,0,0,0,0,0,0,0,0,0,0,0,0,0,0,0,0,0,0,0,0,0,0,0,0,0,0,0,0,0,0,0,0,0,0,0,0,0,0,0,0,0,0,0,0,0,0,0,0,0,0,0,0,0,0,0,0,0,0,0,1,0,0,1,0,0,0,0,0,0,0,0,0,0,0,1,1,1,0,0,1,1,1,0,0,0,0,1,1,0,0,0,0,0,0,1,0,0,1,0,0,1,1,1,0,0,2,2,1,0,1,1,1,3,1,2,2,2,4,1,2,6,0,3,4,1,1,5,3,1,3,3,1,1,4,2,2,3,3,1,2,5,5,4,9,3,6,2,8,11,12,10,11,3,8,9,18,8,8,10,9,17,12,17,9,12,13,15,18,14,12,18,12,16,18,13,16,21,19,13,21,13,16,22,20,18,22,24,25,27,28,22,25,31,28,31,36,40,35,33,37,23,39,36,30,42,38,45,32,41,45,32,51,36,57,43,43,54,53,38,61,41,56,52,53,70,65,48,51,50,67,67,71,68,60,77,64,80,73,63,64,61,71,65,56,78,94,88,82,72,88,99,89,86,101,86,91,96,85,100,93,105,96,102,112,115,104,108,107,119,112,138,112,116,121,143,133,147,109,133,139,147,155,120,156,146,139,146,149,163,155,148,167,157,156,161,146,158,183,173,183,171,185,192,175,207,200,197,222,218,206,209,208,208,205,232,233,225,213,228,232,208,228,257,272,263,248,250,268,271,268,280,268,251,285,278,303,303,312,307,319,291,339,297,319,368,323,313,332,312,351,298,347,327,336,336,353,331,344,342,309,331,346,341,323,336,305,338,358,321,358,378,272,347,340,335,340,334,325,344,339,319,337,322,345,320,319,320,318,354,308,333,333,315,319,313,314,331,299,353,338,281,294,304,316,322,275,282,275,269,253,273,283,278,273,232,220,270,263,240,241,248,219,261,220,250,213,241,252,215,223,236,238,234,211,213,187,221,205,217,203,217,199,184,192,192,201,201,186,179,194,163,174,196,173,186,188,162,171,167,176,192,153,153,165,185,150,170,142,176,156,157,143,174,149,169,167,150,168,151,139,164,143,158,160,135,145,156,136,157,151,155,134,141,157,145,169,161,122,149,149,153,145,139,153,146,165,155,149,150,135,158,142,164,141,118,140,163,180,159,168,147,143,147,145,132,154,159,147,197,168,169,188,172,174,193,181,195,172,165
0,0,0,0,0,0,0,0,0,0,0,0,0,0,0,0,0,0,0,0,0,0,0,0,0,0,0,0,0,0,0,0,0,0,0,0,0,0,0,0,0,0,0,0,0,0,0,0,0,0,0,0,0,0,0,0,0,0,0,0,0,0,0,0,0,0,0,0,0,0,0,0,0,0,0,0,0,0,0,0,0,0,0,0,0,0,0,0,0,0,0,0,0,0,0,0,0,0,0,0,0,0,0,0,0,0,0,0,0,0,0,0,0,0,0,0,0,0,0,0,0,0,0,0,0,0,0,0,0,0,0,0,0,0,0,0,0,0,0,0,0,0,0,0,0,0,0,0,0,0,0,0,0,0,0,0,0,0,0,0,0,0,0,0,0,0,0,0,0,0,0,0,0,0,0,0,0,0,0,0,0,0,0,0,0,0,0,0,0,0,0,0,0,0,0,0,0,0,0,0,0,0,0,0,0,0,0,0,0,0,0,0,0,0,0,0,0,0,0,0,0,0,0,0,0,0,0,0,0,0,0,0,0,0,0,0,0,0,0,0,0,0,0,0,0,0,0,0,0,0,0,0,0,0,0,0,0,0,0,0,0,0,0,0,0,0,0,0,0,0,0,0,0,0,0,0,0,0,0,0,0,0,0,0,0,0,0,0,0,0,0,0,0,0,0,0,0,0,0,0,0,0,0,0,0,0,0,1,0,0,0,0,0,0,0,0,0,0,0,0,0,0,0,0,0,0,0,0,0,0,0,0,0,1,0,1,0,0,2,0,0,0,0,0,1,0,0,0,0,0,1,2,2,0,0,2,0,0,0,0,0,1,2,0,0,1,0,2,1,2,0,1,0,0,2,3,1,1,2,3,1,1,3,1,1,5,0,1,2,5,2,5,3,4,4,2,2,3,7,1,3,3,4,2,4,6,8,7,7,4,7,3,8,12,9,6,8,8,11,8,14,14,8,17,7,12,21,18,12,11,21,18,13,18,14,17,22,13,21,16,20,17,19,19,19,26,24,15,15,21,22,31,26,34,26,35,32,24,37,36,38,51,35,41,41,32,35,40,39,40,44,33,61,38,43,49,49,59,59,39,50,54,52,48,49,49,56,50,45,56,67,65,62,72,59,64,59,78,80,57,75,60,91,76,77,70,78,92,68,77,82,72,94,86,85,94,94,104,95,93,95,94,96,87,105,95,116,123,126,133,116,125,98,117,112,104,134,123,128,136,141,134,151,139,174,133,136,164,151,136,126,147,155,155,164,173,184,182,168,160,166,168,158,175,161,213,189,207,204,202,208,202,227,221,211,222,220,231,223,232,200,241,276,236,256,267,265,279,289,278,290,262,257,289,278,291,297,286,326,302,281,287,301,276,331,298,325,341,317,335,301,327,355,320,365,323,361,344,317,306,332,329,362,357,341,351,335,321,321,329,324,329,354,320,358,348,360,333,336,333,341,321,360,344,329,321,346,335,334,333,330,349,304,307,306,295,311,337,312,300,325,314,319,312,306,264,289,274,281,275,291,303,294,250,262,286,260,256,257,247,249,240,246,258,259,260,246,242,228,234,227,227,206,237,222,239,229,221,206,199,204,190,190,207,177,206,193,196,180,173,170,209,205,172,179,187,196,172,191,208,157,194,181,156,185,139,163,180,172,173,165,150,142,149,152,137,145,168,166,158,167,148,158,146,158,161,154,148,144,143,135,157,149,143,148,125,157,146,147,142,147,146,151,133,136,152,143,153,156,128,134,146,129,133,162,145,161,157,168,169,162,171,165,151,164,148,153,169,147,173,151,170,155,180,163,166,202,190,146,174
0,0,0,0,0,0,0,0,0,0,0,0,0,0,0,0,0,0,0,0,0,0,0,0,0,0,0,0,0,0,0,0,0,0,0,0,0,0,0,0,0,0,0,0,0,0,0,0,0,0,0,0,0,0,0,0,0,0,0,0,0,0,0,0,0,0,0,0,0,0,0,0,0,0,0,0,0,0,0,0,0,0,0,0,0,0,0,0,0,0,0,0,0,0,0,0,0,0,0,0,0,0,0,0,0,0,0,0,0,0,0,0,0,0,0,0,0,0,0,0,0,0,0,0,0,0,0,0,0,0,0,0,0,0,0,0,0,0,0,0,0,0,0,0,0,0,0,0,0,0,0,0,0,0,0,0,0,0,0,0,0,0,0,0,0,0,0,0,0,0,0,0,0,0,0,0,0,0,0,0,0,0,0,0,0,0,0,0,0,0,0,0,0,0,0,0,0,0,0,0,0,0,0,0,0,0,0,0,0,0,0,0,0,0,0,0,0,0,0,0,0,0,0,0,0,0,0,0,0,0,0,0,0,0,0,0,0,0,0,0,0,0,0,0,0,0,0,0,0,0,0,0,0,0,0,0,0,0,0,0,0,0,0,0,0,0,0,0,0,0,0,0,0,0,0,0,0,0,0,0,0,0,0,0,0,0,0,0,0,0,0,0,0,0,0,0,0,0,0,0,0,0,0,0,0,0,0,0,0,0,0,0,0,0,0,0,0,0,0,0,0,0,0,0,0,0,0,0,0,0,0,1,0,0,0,1,1,0,0,0,1,0,0,0,0,0,0,0,0,0,0,0,0,0,0,1,0,0,0,0,2,2,1,0,2,0,2,2,1,0,2,3,2,1,1,0,0,4,0,3,0,2,4,4,0,5,1,4,4,0,6,2,2,3,4,4,6,5,3,3,2,4,10,7,8,6,7,8,9,7,6,7,7,6,6,10,9,9,14,7,12,5,7,7,11,12,8,22,7,14,8,18,11,16,17,17,12,15,28,18,21,14,10,21,17,18,24,36,27,24,25,19,29,30,37,35,31,40,39,31,33,40,30,44,35,38,40,43,45,31,47,44,50,35,54,45,39,61,56,61,53,57,50,54,63,52,47,62,59,52,57,69,56,67,65,71,57,71,87,81,85,70,79,77,83,70,80,62,87,88,88,77,91,97,78,102,86,87,90,97,95,94,101,109,119,85,116,98,105,125,109,118,104,119,107,116,130,121,109,131,130,129,155,139,137,141,172,144,158,156,148,135,155,154,164,149,149,174,193,204,165,182,175,188,178,194,190,216,199,188,179,212,243,200,229,210,226,207,219,220,214,224,241,227,267,277,259,235,254,274,276,283,265,256,283,325,279,268,282,291,294,301,318,332,330,316,300,314,306,343,331,327,345,341,328,328,343,344,348,347,314,339,342,352,365,305,336,332,335,351,339,331,345,366,350,337,358,358,321,344,331,334,359,335,320,326,362,336,328,319,332,312,319,295,313,299,333,305,291,339,309,290,318,272,315,301,287,294,268,289,264,249,274,315,267,282,271,264,252,259,244,258,233,250,266,237,276,250,212,233,243,224,236,213,204,225,224,213,208,189,194,178,208,216,205,191,220,191,198,212,177,190,203,164,178,178,186,178,182,184,164,175,155,159,177,168,152,145,153,163,150,149,157,178,145,177,152,148,174,150,146,177,146,135,154,150,135,142,166,165,140,145,153,123,155,137,142,146,125,156,140,152,164,143,169,146,138,147,133,163,139,156,148,154,161,155,141,161,174,137,171,147,145,165,150,160,171,174,175,172,152,177,157,180,167,159,153,184,190,180
