new_ICU_series1,new_ICU_series2,new_ICU_series3,new_ICU_series4,new_ICU_series5,new_ICU_series6,new_ICU_series7,new_ICU_series8,new_ICU_series9,new_ICU_series10,new_ICU_series11,new_ICU_series12,new_ICU_series13,new_ICU_series14,new_ICU_series15,new_ICU_series16,new_ICU_series17,new_ICU_series18,new_ICU_series19,new_ICU_series20,new_ICU_series21,new_ICU_series22,new_ICU_series23,new_ICU_series24,new_ICU_series25,new_ICU_series26,new_ICU_series27,new_ICU_series28,new_ICU_series29,new_ICU_series30,new_ICU_series31,new_ICU_series32,new_ICU_series33,new_ICU_series34,new_ICU_series35,new_ICU_series36,new_ICU_series37,new_ICU_series38,new_ICU_series39,new_ICU_series40,new_ICU_series41,new_ICU_series42,new_ICU_series43,new_ICU_series44,new_ICU_series45,new_ICU_series46,new_ICU_series47,new_ICU_series48,new_ICU_series49,new_ICU_series50,new_ICU_series51,new_ICU_series52,new_ICU_series53,new_ICU_series54,new_ICU_series55,new_ICU_series56,new_ICU_series57,new_ICU_series58,new_ICU_series59,new_ICU_series60,new_ICU_series61,new_ICU_series62,new_ICU_series63,new_ICU_series64,new_ICU_series65,new_ICU_series66,new_ICU_series67,new_ICU_series68,new_ICU_series69,new_ICU_series70,new_ICU_series71,new_ICU_series72,new_ICU_series73,new_ICU_series74,new_ICU_series75,new_ICU_series76,new_ICU_series77,new_ICU_series78,new_ICU_series79,new_ICU_series80,new_ICU_series81,new_ICU_series82,new_ICU_series83,new_ICU_series84,new_ICU_series85,new_ICU_series86,new_ICU_series87,new_ICU_series88,new_ICU_series89,new_ICU_series90,new_ICU_series91,new_ICU_series92,new_ICU_series93,new_ICU_series94,new_ICU_series95,new_ICU_series96,new_ICU_series97,new_ICU_series98,new_ICU_series99,new_ICU_series100,new_ICU_series101,new_ICU_series102,new_ICU_series103,new_ICU_series104,new_ICU_series105,new_ICU_series106,new_ICU_series107,new_ICU_series108,new_ICU_series109,new_ICU_series110,new_ICU_series111,new_ICU_series112,new_ICU_series113,new_ICU_series114,new_ICU_series115,new_ICU_series116,new_ICU_series117,new_ICU_series118,new_ICU_series119,new_ICU_series120,new_ICU_series121,new_ICU_series122,new_ICU_series123,new_ICU_series124,new_ICU_series125,new_ICU_series126,new_ICU_series127,new_ICU_series128,new_ICU_series129,new_ICU_series130,new_ICU_series131,new_ICU_series132,new_ICU_series133,new_ICU_series134,new_ICU_series135,new_ICU_series136,new_ICU_series137,new_ICU_series138,new_ICU_series139,new_ICU_series140,new_ICU_series141,new_ICU_series142,new_ICU_series143,new_ICU_series144,new_ICU_series145,new_ICU_series146,new_ICU_series147,new_ICU_series148,new_ICU_series149,new_ICU_series150,new_ICU_series151,new_ICU_series152,new_ICU_series153,new_ICU_series154,new_ICU_series155,new_ICU_series156,new_ICU_series157,new_ICU_series158,new_ICU_series159,new_ICU_series160,new_ICU_series161,new_ICU_series162,new_ICU_series163,new_ICU_series164,new_ICU_series165,new_ICU_series166,new_ICU_series167,new_ICU_series168,new_ICU_series169,new_ICU_series170,new_ICU_series171,new_ICU_series172,new_ICU_series173,new_ICU_series174,new_ICU_series175,new_ICU_series176,new_ICU_series177,new_ICU_series178,new_ICU_series179,new_ICU_series180,new_ICU_series181,new_ICU_series182,new_ICU_series183,new_ICU_series184,new_ICU_series185,new_ICU_series186,new_ICU_series187,new_ICU_series188,new_ICU_series189,new_ICU_series190,new_ICU_series191,new_ICU_series192,new_ICU_series193,new_ICU_series194,new_ICU_series195,new_ICU_series196,new_ICU_series197,new_ICU_series198,new_ICU_series199,new_ICU_series200,new_ICU_series201,new_ICU_series202,new_ICU_series203,new_ICU_series204,new_ICU_series205,new_ICU_series206,new_ICU_series207,new_ICU_series208,new_ICU_series209,new_ICU_series210,new_ICU_series211,new_ICU_series212,new_ICU_series213,new_ICU_series214,new_ICU_series215,new_ICU_series216,new_ICU_series217,new_ICU_series218,new_ICU_series219,new_ICU_series220,new_ICU_series221,new_ICU_series222,new_ICU_series223,new_ICU_series224,new_ICU_series225,new_ICU_series226,new_ICU_series227,new_ICU_series228,new_ICU_series229,new_ICU_series230,new_ICU_series231,new_ICU_series232,new_ICU_series233,new_ICU_series234,new_ICU_series235,new_ICU_series236,new_ICU_series237,new_ICU_series238,new_ICU_series239,new_ICU_series240,new_ICU_series241,new_ICU_series242,new_ICU_series243,new_ICU_series244,new_ICU_series245,new_ICU_series246,new_ICU_series247,new_ICU_series248,new_ICU_series249,new_ICU_series250,new_ICU_series251,new_ICU_series252,new_ICU_series253,new_ICU_series254,new_ICU_series255,new_ICU_series256,new_ICU_series257,new_ICU_series258,new_ICU_series259,new_ICU_series260,new_ICU_series261,new_ICU_series262,new_ICU_series263,new_ICU_series264,new_ICU_series265,new_ICU_series266,new_ICU_series267,new_ICU_series268,new_ICU_series269,new_ICU_series270,new_ICU_series271,new_ICU_series272,new_ICU_series273,new_ICU_series274,new_ICU_series275,new_ICU_series276,new_ICU_series277,new_ICU_series278,new_ICU_series279,new_ICU_series280,new_ICU_series281,new_ICU_series282,new_ICU_series283,new_ICU_series284,new_ICU_series285,new_ICU_series286,new_ICU_series287,new_ICU_series288,new_ICU_series289,new_ICU_series290,new_ICU_series291,new_ICU_series292,new_ICU_series293,new_ICU_series294,new_ICU_series295,new_ICU_series296,new_ICU_series297,new_ICU_series298,new_ICU_series299,new_ICU_series300,new_ICU_series301,new_ICU_series302,new_ICU_series303,new_ICU_series304,new_ICU_series305,new_ICU_series306,new_ICU_series307,new_ICU_series308,new_ICU_series309,new_ICU_series310,new_ICU_series311,new_ICU_series312,new_ICU_series313,new_ICU_series314,new_ICU_series315,new_ICU_series316,new_ICU_series317,new_ICU_series318,new_ICU_series319,new_ICU_series320,new_ICU_series321,new_ICU_series322,new_ICU_series323,new_ICU_series324,new_ICU_series325,new_ICU_series326,new_ICU_series327,new_ICU_series328,new_ICU_series329,new_ICU_series330,new_ICU_series331,new_ICU_series332,new_ICU_series333,new_ICU_series334,new_ICU_series335,new_ICU_series336,new_ICU_series337,new_ICU_series338,new_ICU_series339,new_ICU_series340,new_ICU_series341,new_ICU_series342,new_ICU_series343,new_ICU_series344,new_ICU_series345,new_ICU_series346,new_ICU_series347,new_ICU_series348,new_ICU_series349,new_ICU_series350,new_ICU_series351,new_ICU_series352,new_ICU_series353,new_ICU_series354,new_ICU_series355,new_ICU_series356,new_ICU_series357,new_ICU_series358,new_ICU_series359,new_ICU_series360,new_ICU_series361,new_ICU_series362,new_ICU_series363,new_ICU_series364,new_ICU_series365,new_ICU_series366,new_ICU_series367,new_ICU_series368,new_ICU_series369,new_ICU_series370,new_ICU_series371,new_ICU_series372,new_ICU_series373,new_ICU_series374,new_ICU_series375,new_ICU_series376,new_ICU_series377,new_ICU_series378,new_ICU_series379,new_ICU_series380,new_ICU_series381,new_ICU_series382,new_ICU_series383,new_ICU_series384,new_ICU_series385,new_ICU_series386,new_ICU_series387,new_ICU_series388,new_ICU_series389,new_ICU_series390,new_ICU_series391,new_ICU_series392,new_ICU_series393,new_ICU_series394,new_ICU_series395,new_ICU_series396,new_ICU_series397,new_ICU_series398,new_ICU_series399,new_ICU_series400,new_ICU_series401,new_ICU_series402,new_ICU_series403,new_ICU_series404,new_ICU_series405,new_ICU_series406,new_ICU_series407,new_ICU_series408,new_ICU_series409,new_ICU_series410,new_ICU_series411,new_ICU_series412,new_ICU_series413,new_ICU_series414,new_ICU_series415,new_ICU_series416,new_ICU_series417,new_ICU_series418,new_ICU_series419,new_ICU_series420,new_ICU_series421,new_ICU_series422,new_ICU_series423,new_ICU_series424,new_ICU_series425,new_ICU_series426,new_ICU_series427,new_ICU_series428,new_ICU_series429,new_ICU_series430,new_ICU_series431,new_ICU_series432,new_ICU_series433,new_ICU_series434,new_ICU_series435,new_ICU_series436,new_ICU_series437,new_ICU_series438,new_ICU_series439,new_ICU_series440,new_ICU_series441,new_ICU_series442,new_ICU_series443,new_ICU_series444,new_ICU_series445,new_ICU_series446,new_ICU_series447,new_ICU_series448,new_ICU_series449,new_ICU_series450,new_ICU_series451,new_ICU_series452,new_ICU_series453,new_ICU_series454,new_ICU_series455,new_ICU_series456,new_ICU_series457,new_ICU_series458,new_ICU_series459,new_ICU_series460,new_ICU_series461,new_ICU_series462,new_ICU_series463,new_ICU_series464,new_ICU_series465,new_ICU_series466,new_ICU_series467,new_ICU_series468,new_ICU_series469,new_ICU_series470,new_ICU_series471,new_ICU_series472,new_ICU_series473,new_ICU_series474,new_ICU_series475,new_ICU_series476,new_ICU_series477,new_ICU_series478,new_ICU_series479,new_ICU_series480,new_ICU_series481,new_ICU_series482,new_ICU_series483,new_ICU_series484,new_ICU_series485,new_ICU_series486,new_ICU_series487,new_ICU_series488,new_ICU_series489,new_ICU_series490,new_ICU_series491,new_ICU_series492,new_ICU_series493,new_ICU_series494,new_ICU_series495,new_ICU_series496,new_ICU_series497,new_ICU_series498,new_ICU_series499,new_ICU_series500,new_ICU_series501,new_ICU_series502,new_ICU_series503,new_ICU_series504,new_ICU_series505,new_ICU_series506,new_ICU_series507,new_ICU_series508,new_ICU_series509,new_ICU_series510,new_ICU_series511,new_ICU_series512,new_ICU_series513,new_ICU_series514,new_ICU_series515,new_ICU_series516,new_ICU_series517,new_ICU_series518,new_ICU_series519,new_ICU_series520,new_ICU_series521,new_ICU_series522,new_ICU_series523,new_ICU_series524,new_ICU_series525,new_ICU_series526,new_ICU_series527,new_ICU_series528,new_ICU_series529,new_ICU_series530,new_ICU_series531,new_ICU_series532,new_ICU_series533,new_ICU_series534,new_ICU_series535,new_ICU_series536,new_ICU_series537,new_ICU_series538,new_ICU_series539,new_ICU_series540,new_ICU_series541,new_ICU_series542,new_ICU_series543,new_ICU_series544,new_ICU_series545,new_ICU_series546,new_ICU_series547,new_ICU_series548,new_ICU_series549,new_ICU_series550,new_ICU_series551,new_ICU_series552,new_ICU_series553,new_ICU_series554,new_ICU_series555,new_ICU_series556,new_ICU_series557,new_ICU_series558,new_ICU_series559,new_ICU_series560,new_ICU_series561,new_ICU_series562,new_ICU_series563,new_ICU_series564,new_ICU_series565,new_ICU_series566,new_ICU_series567,new_ICU_series568,new_ICU_series569,new_ICU_series570,new_ICU_series571,new_ICU_series572,new_ICU_series573,new_ICU_series574,new_ICU_series575,new_ICU_series576,new_ICU_series577,new_ICU_series578,new_ICU_series579,new_ICU_series580,new_ICU_series581,new_ICU_series582,new_ICU_series583,new_ICU_series584,new_ICU_series585,new_ICU_series586,new_ICU_series587,new_ICU_series588,new_ICU_series589,new_ICU_series590,new_ICU_series591,new_ICU_series592,new_ICU_series593,new_ICU_series594,new_ICU_series595,new_ICU_series596,new_ICU_series597,new_ICU_series598,new_ICU_series599,new_ICU_series600,new_ICU_series601,new_ICU_series602,new_ICU_series603,new_ICU_series604,new_ICU_series605,new_ICU_series606,new_ICU_series607,new_ICU_series608,new_ICU_series609,new_ICU_series610,new_ICU_series611,new_ICU_series612,new_ICU_series613,new_ICU_series614,new_ICU_series615,new_ICU_series616,new_ICU_series617,new_ICU_series618,new_ICU_series619,new_ICU_series620,new_ICU_series621,new_ICU_series622,new_ICU_series623,new_ICU_series624,new_ICU_series625,new_ICU_series626,new_ICU_series627,new_ICU_series628,new_ICU_series629,new_ICU_series630,new_ICU_series631,new_ICU_series632,new_ICU_series633,new_ICU_series634,new_ICU_series635,new_ICU_series636,new_ICU_series637,new_ICU_series638,new_ICU_series639,new_ICU_series640,new_ICU_series641,new_ICU_series642,new_ICU_series643,new_ICU_series644,new_ICU_series645,new_ICU_series646,new_ICU_series647,new_ICU_series648,new_ICU_series649,new_ICU_series650,new_ICU_series651,new_ICU_series652,new_ICU_series653,new_ICU_series654,new_ICU_series655,new_ICU_series656,new_ICU_series657,new_ICU_series658,new_ICU_series659,new_ICU_series660,new_ICU_series661,new_ICU_series662,new_ICU_series663,new_ICU_series664,new_ICU_series665,new_ICU_series666,new_ICU_series667,new_ICU_series668,new_ICU_series669,new_ICU_series670,new_ICU_series671,new_ICU_series672,new_ICU_series673,new_ICU_series674,new_ICU_series675,new_ICU_series676,new_ICU_series677,new_ICU_series678,new_ICU_series679,new_ICU_series680,new_ICU_series681,new_ICU_series682,new_ICU_series683,new_ICU_series684,new_ICU_series685,new_ICU_series686,new_ICU_series687,new_ICU_series688,new_ICU_series689,new_ICU_series690,new_ICU_series691,new_ICU_series692,new_ICU_series693,new_ICU_series694,new_ICU_series695,new_ICU_series696,new_ICU_series697,new_ICU_series698,new_ICU_series699,new_ICU_series700,new_ICU_series701,new_ICU_series702,new_ICU_series703,new_ICU_series704,new_ICU_series705,new_ICU_series706,new_ICU_series707,new_ICU_series708,new_ICU_series709,new_ICU_series710,new_ICU_series711,new_ICU_series712,new_ICU_series713,new_ICU_series714,new_ICU_series715,new_ICU_series716,new_ICU_series717,new_ICU_series718,new_ICU_series719,new_ICU_series720,new_ICU_series721,new_ICU_series722,new_ICU_series723,new_ICU_series724,new_ICU_series725,new_ICU_series726,new_ICU_series727,new_ICU_series728,new_ICU_series729,new_ICU_series730,new_ICU_series731,new_ICU_series732,new_ICU_series733,new_ICU_series734,new_ICU_series735,new_ICU_series736,new_ICU_series737,new_ICU_series738,new_ICU_series739,new_ICU_series740,new_ICU_series741,new_ICU_series742,new_ICU_series743,new_ICU_series744,new_ICU_series745,new_ICU_series746,new_ICU_series747,new_ICU_series748,new_ICU_series749,new_ICU_series750,new_ICU_series751,new_ICU_series752,new_ICU_series753,new_ICU_series754,new_ICU_series755,new_ICU_series756,new_ICU_series757,new_ICU_series758,new_ICU_series759,new_ICU_series760,new_ICU_series761,new_ICU_series762,new_ICU_series763,new_ICU_series764,new_ICU_series765,new_ICU_series766,new_ICU_series767,new_ICU_series768,new_ICU_series769,new_ICU_series770,new_ICU_series771,new_ICU_series772,new_ICU_series773,new_ICU_series774,new_ICU_series775,new_ICU_series776,new_ICU_series777,new_ICU_series778,new_ICU_series779,new_ICU_series780,new_ICU_series781,new_ICU_series782,new_ICU_series783,new_ICU_series784,new_ICU_series785,new_ICU_series786,new_ICU_series787,new_ICU_series788,new_ICU_series789,new_ICU_series790,new_ICU_series791,new_ICU_series792,new_ICU_series793,new_ICU_series794,new_ICU_series795,new_ICU_series796,new_ICU_series797,new_ICU_series798,new_ICU_series799,new_ICU_series800
0,0,0,0,0,0,0,0,0,0,0,0,0,0,0,0,0,0,0,0,0,0,0,0,0,0,0,0,0,0,0,0,0,0,0,0,0,0,0,0,0,0,0,0,0,0,0,0,0,0,0,0,0,0,0,0,0,0,0,0,0,0,0,0,0,0,0,0,0,0,0,0,0,0,0,0,0,0,0,0,0,0,0,0,0,0,0,0,0,0,0,0,0,0,0,0,0,0,0,0,0,0,0,0,0,0,0,0,0,0,0,0,0,0,0,0,0,0,0,0,0,0,0,0,0,0,0,0,0,0,0,0,0,0,0,0,0,0,0,0,0,0,0,0,0,0,0,0,0,0,0,0,0,0,0,0,0,0,0,0,0,0,0,0,0,0,0,0,0,0,0,0,0,0,0,0,0,0,0,0,0,0,0,0,0,0,0,0,0,0,0,0,0,0,0,0,0,0,0,0,0,0,0,0,0,0,0,0,0,0,0,0,0,0,0,0,0,0,0,0,0,0,0,0,0,0,0,0,0,0,0,0,0,0,0,0,0,0,0,0,0,0,0,0,0,0,0,0,0,0,0,0,0,0,0,0,0,0,0,0,0,0,0,0,0,0,0,0,0,0,0,0,0,0,0,0,0,0,0,0,0,0,0,0,0,0,0,0,0,0,0,0,0,0,0,0,0,0,0,0,0,0,0,0,0,0,0,0,0,0,0,0,0,0,0,0,0,0,0,0,0,0,0,0,0,0,0,0,0,0,0,0,0,0,0,0,0,0,0,1,0,0,0,0,0,0,0,0,1,0,0,0,1,0,0,1,0,0,0,0,0,0,1,0,0,0,0,0,0,0,0,0,1,0,0,0,1,1,0,1,0,1,1,2,2,1,3,2,0,1,2,3,1,1,0,2,2,4,2,0,2,3,4,4,0,1,2,2,0,1,2,8,4,5,3,1,2,4,3,4,6,4,6,4,4,6,4,7,8,3,7,5,10,7,7,4,7,8,7,10,13,4,10,7,11,9,14,9,9,10,10,8,13,19,12,16,17,17,17,17,20,21,19,10,16,19,19,13,17,10,26,22,23,19,22,27,29,21,22,24,22,19,28,30,21,25,23,27,26,21,34,36,21,17,27,26,31,24,35,30,36,32,28,29,47,34,32,36,35,32,47,36,39,42,34,47,32,46,36,49,33,43,38,59,49,51,50,41,46,40,55,53,43,54,41,59,55,52,63,80,55,50,46,72,53,56,60,71,65,63,68,66,67,71,76,73,74,85,71,82,75,74,89,66,87,78,94,81,81,104,93,93,94,94,94,117,103,93,103,102,126,107,113,106,122,125,122,122,123,123,124,121,130,143,104,127,139,132,111,127,140,144,139,125,140,146,145,135,140,134,145,151,131,149,156,149,139,166,143,132,154,165,148,145,157,146,151,152,149,160,158,137,124,149,137,145,143,137,140,143,124,130,143,122,119,155,134,139,138,126,139,124,137,128,129,132,113,109,134,123,133,118,121,140,116,111,104,120,124,107,123,112,104,118,116,87,103,84,96,114,85,94,94,96,107,91,93,99,78,104,87,76,96,90,71,74,87,111,83,86,91,79,95,81,88,67,88,74,81,82,76,95,84,83,64,78,80,70,67,64,76,87,61,87,66,62,70,70,62,70,65,52,73,61,69,80,54,77,72,68,61,55,85,59,71,68,70,63,72,80,63,81,59,69,57,63,74,63,59,66,67,67,79,47,68,76,56,62,79,77,73,58,74,78,59,74,63,72,74,83,62,75,68,74,66,78,83,76,83,92,69,79,68,81,77,85,80,77,69,64
0,0,0,0,0,0,0,0,0,0,0,0,0,0,0,0,0,0,0,0,0,0,0,0,0,0,0,0,0,0,0,0,0,0,0,0,0,0,0,0,0,0,0,0,0,0,0,0,0,0,0,0,0,0,0,0,0,0,0,0,0,0,0,0,0,0,0,0,0,0,0,0,0,0,0,0,0,0,0,0,0,0,0,0,0,0,0,0,0,0,0,0,0,0,0,0,0,0,0,0,0,0,0,0,0,0,0,0,0,0,0,0,0,0,0,0,0,0,0,0,0,0,0,0,0,0,0,0,0,0,0,0,0,0,0,0,0,0,0,0,0,0,0,0,0,0,0,0,0,0,0,0,0,0,0,0,0,0,0,0,0,0,0,0,0,0,0,0,0,0,0,0,0,0,0,0,0,0,0,0,0,0,0,0,0,0,0,0,0,0,0,0,0,0,0,0,0,0,0,0,0,0,0,0,0,0,0,0,0,0,0,0,0,0,0,0,0,0,0,0,0,0,0,0,0,0,0,0,0,0,0,0,0,0,0,0,0,0,0,0,0,0,0,0,0,0,0,0,0,0,0,0,0,0,0,0,0,0,0,0,0,0,0,0,0,0,0,0,0,0,0,0,0,0,0,0,0,0,0,0,0,0,0,0,0,0,0,0,0,0,0,0,0,0,0,0,0,0,0,0,0,0,0,0,0,0,0,0,0,0,0,0,0,0,0,1,0,0,0,0,0,0,0,0,0,0,0,0,0,0,0,0,0,0,0,0,0,1,0,0,1,0,1,0,0,0,1,0,0,0,0,0,0,1,1,0,0,0,0,0,0,0,0,0,0,1,0,0,1,0,2,1,0,1,1,2,0,0,1,1,1,1,3,0,0,0,1,2,2,1,1,0,1,1,0,5,2,4,0,3,2,2,4,1,4,1,3,4,2,2,3,4,7,4,3,7,4,1,8,5,3,7,6,4,8,4,6,4,4,9,5,7,5,9,7,8,7,7,9,13,12,5,8,7,9,12,9,14,7,12,12,13,16,8,17,13,16,19,14,11,16,17,11,17,15,14,24,23,15,13,12,21,19,15,15,16,21,23,16,17,15,18,19,14,24,24,23,27,27,18,26,34,27,30,26,28,28,23,38,30,43,31,38,38,35,37,39,36,36,42,26,41,42,44,47,39,43,47,42,42,42,46,39,42,43,47,44,53,53,60,47,61,52,52,60,55,65,47,61,66,55,61,81,62,64,50,63,67,55,63,60,63,75,85,71,59,71,70,83,86,85,68,90,92,84,83,80,94,90,106,83,92,98,94,96,96,115,98,98,113,125,118,116,93,109,97,110,123,131,128,118,122,121,144,143,127,104,127,126,135,133,135,124,148,163,166,146,134,140,135,149,142,146,146,140,126,132,121,138,165,145,135,136,126,155,144,151,138,143,146,162,136,149,149,153,149,132,157,136,130,130,153,139,153,134,152,128,136,134,139,153,136,134,140,148,143,123,125,147,128,145,95,128,119,120,129,126,133,122,130,127,123,105,109,121,112,104,98,101,87,99,117,97,105,92,83,95,97,92,94,97,96,90,75,74,82,66,77,88,88,93,83,70,88,79,67,75,92,89,91,90,95,91,82,83,68,73,76,75,67,67,61,79,66,60,62,53,69,69,63,56,56,64,67,62,57,57,60,54,68,60,63,69,67,81,58,68,63,62,60,76,67,70,63,66,62,48,56,67,75,63,73,75,62,69,64,64,60,73,68,53,82,70,66,71,72,67,66,66,81,74,68,67,70,78,72,88,72,73,66,72,78,82,77,77,71,69,71,79,85
0,0,0,0,0,0,0,0,0,0,0,0,0,0,0,0,0,0,0,0,0,0,0,0,0,0,0,0,0,0,0,0,0,0,0,0,0,0,0,0,0,0,0,0,0,0,0,0,0,0,0,0,0,0,0,0,0,0,0,0,0,0,0,0,0,0,0,0,0,0,0,0,0,0,0,0,0,0,0,0,0,0,0,0,0,0,0,0,0,0,0,0,0,0,0,0,0,0,0,0,0,0,0,0,0,0,0,0,0,0,0,0,0,0,0,0,0,0,0,0,0,0,0,0,0,0,0,0,0,0,0,0,0,0,0,0,0,0,0,0,0,0,0,0,0,0,0,0,0,0,0,0,0,0,0,0,0,0,0,0,0,0,0,0,0,0,0,0,0,0,0,0,0,0,0,0,0,0,0,0,0,0,0,0,0,0,0,0,0,0,0,0,0,0,0,0,0,0,0,0,0,0,0,0,0,0,0,0,0,0,0,0,0,0,0,0,0,0,0,0,0,0,0,0,0,0,0,0,0,0,0,0,0,0,0,0,0,0,0,0,0,0,0,0,0,0,0,0,0,0,0,0,0,0,0,0,0,0,0,0,0,0,0,0,0,0,0,0,0,0,0,0,0,0,0,0,0,0,0,0,0,0,0,0,0,0,0,0,0,0,0,0,0,0,0,0,0,0,0,0,0,0,0,0,0,0,0,0,0,0,0,0,0,0,0,0,0,0,0,0,0,0,0,0,0,0,0,1,0,0,0,0,0,0,0,0,0,0,0,0,0,0,0,1,0,0,0,0,0,0,0,0,0,0,1,0,1,0,0,1,0,1,0,0,2,1,0,0,1,2,1,1,0,0,0,0,0,3,0,0,1,0,0,0,3,3,1,2,1,4,2,1,1,2,1,2,3,0,3,2,3,2,1,0,1,1,3,3,3,4,3,1,5,4,5,1,3,3,8,0,4,1,5,7,8,5,3,4,3,3,8,5,13,8,5,4,6,7,8,8,8,8,7,7,9,11,12,3,13,12,9,17,9,14,7,12,17,18,15,15,19,13,18,22,12,6,12,15,14,21,18,16,22,18,21,24,16,17,25,21,23,17,25,32,27,24,23,20,33,30,34,30,23,31,25,31,27,29,32,32,32,30,29,36,23,39,31,33,46,47,40,35,39,44,45,36,42,49,48,42,39,55,43,51,43,33,39,41,44,49,56,41,51,60,53,41,54,52,57,69,57,65,64,68,64,53,59,59,73,63,70,84,72,61,57,64,75,86,62,73,86,83,80,76,89,82,87,81,84,79,82,86,101,102,107,98,112,107,111,118,115,97,127,106,122,110,123,126,104,110,100,134,126,137,106,120,135,136,133,146,142,133,130,136,146,119,122,138,154,146,146,144,163,155,155,129,148,157,133,140,136,158,143,151,166,146,152,143,141,148,137,173,132,141,133,130,134,162,160,176,152,138,146,131,135,151,138,142,139,97,131,131,144,128,130,133,130,133,116,149,132,134,123,126,130,111,111,118,129,114,130,108,124,113,110,101,101,84,102,99,101,104,92,104,110,118,82,87,93,100,83,94,100,101,96,93,87,82,76,95,85,100,90,84,91,78,81,82,77,85,69,64,91,71,95,86,81,82,72,61,81,70,75,71,76,66,58,71,62,75,53,63,74,72,72,67,78,72,66,62,56,69,76,68,70,59,72,62,78,49,66,65,75,59,68,61,67,69,67,58,74,64,64,67,72,68,79,67,62,60,71,67,76,67,82,67,64,68,64,70,57,69,62,69,71,74,61,75,63,63,74,68,65,74,71,85,70,80,72,95
0,0,0,0,0,0,0,0,0,0,0,0,0,0,0,0,0,0,0,0,0,0,0,0,0,0,0,0,0,0,0,0,0,0,0,0,0,0,0,0,0,0,0,0,0,0,0,0,0,0,0,0,0,0,0,0,0,0,0,0,0,0,0,0,0,0,0,0,0,0,0,0,0,0,0,0,0,0,0,0,0,0,0,0,0,0,0,0,0,0,0,0,0,0,0,0,0,0,0,0,0,0,0,0,0,0,0,0,0,0,0,0,0,0,0,0,0,0,0,0,0,0,0,0,0,0,0,0,0,0,0,0,0,0,0,0,0,0,0,0,0,0,0,0,0,0,0,0,0,0,0,0,0,0,0,0,0,0,0,0,0,0,0,0,0,0,0,0,0,0,0,0,0,0,0,0,0,0,0,0,0,0,0,0,0,0,0,0,0,0,0,0,0,0,0,0,0,0,0,0,0,0,0,0,0,0,0,0,0,0,0,0,0,0,0,0,0,0,0,0,0,0,0,0,0,0,0,0,0,0,0,0,0,0,0,0,0,0,0,0,0,0,0,0,0,0,0,0,0,0,0,0,0,0,0,0,0,0,0,0,0,0,0,0,0,0,0,0,0,0,0,0,0,0,0,0,0,0,0,0,0,0,0,0,0,0,0,0,0,0,0,0,0,0,0,0,0,0,0,0,0,0,0,0,0,0,0,0,0,0,0,0,0,0,0,0,1,1,0,0,0,0,0,0,0,0,0,0,0,0,0,0,0,0,0,0,0,0,0,0,0,0,0,0,0,0,0,0,0,0,0,0,0,1,0,0,0,0,0,0,0,0,1,0,1,0,0,1,0,0,0,0,0,1,0,0,1,2,3,1,0,0,2,0,0,1,1,1,1,2,1,2,1,1,2,2,0,1,1,0,4,1,7,3,2,4,3,3,2,4,4,5,4,3,6,2,1,8,4,3,4,5,7,12,5,5,4,5,6,5,7,8,6,5,7,10,9,6,11,17,12,12,3,7,10,7,10,9,13,13,8,22,9,15,9,23,12,14,15,18,13,16,22,20,9,17,14,20,23,18,18,17,21,17,28,23,15,20,22,22,20,22,25,32,23,25,22,20,28,30,22,17,34,38,28,29,30,32,34,36,32,30,39,19,31,32,35,36,50,39,40,44,33,42,37,41,34,52,41,44,48,49,59,41,36,61,42,52,40,62,55,64,41,59,47,58,41,52,59,59,58,48,61,61,47,64,70,73,69,77,63,61,56,91,65,73,57,68,94,78,94,71,85,78,109,96,90,82,82,112,84,97,71,92,108,101,102,95,93,130,122,109,96,119,118,105,122,127,115,140,98,120,139,123,118,121,128,117,161,138,143,144,138,158,140,123,147,122,166,148,157,143,159,147,148,135,145,146,131,137,152,138,155,126,129,138,146,130,152,148,147,147,166,145,154,145,160,145,168,125,120,133,133,151,124,137,153,134,147,133,124,129,123,131,115,97,123,136,144,117,135,140,120,123,133,117,110,111,110,128,101,119,142,113,117,111,101,95,114,91,94,91,87,98,108,113,114,98,82,97,97,107,88,85,82,100,105,96,81,93,89,95,92,81,90,80,79,89,78,92,74,76,90,72,85,83,68,75,60,64,60,70,69,69,70,65,77,65,62,72,77,57,76,61,65,61,60,55,69,58,72,62,62,73,62,62,59,64,64,64,63,87,68,66,55,57,50,66,62,60,62,65,64,52,64,64,60,78,70,60,53,55,75,60,64,53,66,48,81,75,65,78,61,63,69,70,75,74,78,68,77,80,71,86,84,91,60,77,81,80
0,0,0,0,0,0,0,0,0,0,0,0,0,0,0,0,0,0,0,0,0,0,0,0,0,0,0,0,0,0,0,0,0,0,0,0,0,0,0,0,0,0,0,0,0,0,0,0,0,0,0,0,0,0,0,0,0,0,0,0,0,0,0,0,0,0,0,0,0,0,0,0,0,0,0,0,0,0,0,0,0,0,0,0,0,0,0,0,0,0,0,0,0,0,0,0,0,0,0,0,0,0,0,0,0,0,0,0,0,0,0,0,0,0,0,0,0,0,0,0,0,0,0,0,0,0,0,0,0,0,0,0,0,0,0,0,0,0,0,0,0,0,0,0,0,0,0,0,0,0,0,0,0,0,0,0,0,0,0,0,0,0,0,0,0,0,0,0,0,0,0,0,0,0,0,0,0,0,0,0,0,0,0,0,0,0,0,0,0,0,0,0,0,0,0,0,0,0,0,0,0,0,0,0,0,0,0,0,0,0,0,0,0,0,0,0,0,0,0,0,0,0,0,0,0,0,0,0,0,0,0,0,0,0,0,0,0,0,0,0,0,0,0,0,0,0,0,0,0,0,0,0,0,0,0,0,0,0,0,0,0,0,0,0,0,0,0,0,0,0,0,0,0,0,0,0,0,0,0,0,0,0,0,0,0,0,0,0,0,0,0,0,0,0,0,0,0,0,0,0,0,0,0,0,0,0,0,0,0,0,0,0,0,0,0,0,0,0,0,1,0,0,0,0,0,0,0,0,0,0,0,0,0,0,0,0,1,1,0,0,0,0,0,0,0,0,0,0,0,0,0,0,0,0,0,0,0,0,0,3,0,0,1,2,0,0,0,0,0,0,0,1,0,1,0,2,2,2,1,1,2,1,1,3,0,2,1,1,3,0,0,3,0,2,0,1,1,4,1,1,2,3,1,3,4,3,1,0,2,5,2,1,3,3,6,2,0,3,5,4,0,2,3,3,3,10,3,4,5,5,2,2,7,3,14,6,6,7,8,6,11,9,12,4,10,9,14,18,12,8,11,9,8,12,18,11,13,15,18,25,12,14,20,19,17,18,26,15,22,13,18,12,23,11,21,23,16,25,14,27,23,16,26,34,18,28,29,28,22,18,30,34,28,31,29,31,35,37,27,43,35,27,35,37,31,42,47,36,48,28,41,32,31,38,32,41,60,46,40,36,45,32,43,53,47,44,49,50,48,60,57,54,45,36,55,53,47,58,59,44,59,55,60,58,66,73,49,71,69,79,80,58,63,69,69,78,74,69,90,77,78,71,87,77,82,81,104,76,94,96,100,116,97,112,77,95,93,101,73,99,104,107,110,112,131,123,111,127,129,116,115,152,109,109,121,123,139,128,148,135,149,150,150,136,119,146,141,146,140,155,147,142,150,142,154,156,131,157,158,144,143,142,136,161,159,124,153,146,149,132,166,137,145,152,148,131,132,157,126,142,142,145,132,155,146,137,135,135,145,129,157,137,143,126,134,123,121,114,129,127,136,130,118,135,123,122,114,99,118,130,132,123,102,103,134,103,117,96,116,116,97,104,105,97,88,89,96,97,85,115,69,91,78,101,91,90,90,92,71,82,90,85,105,88,89,94,75,75,93,99,68,103,80,85,78,67,78,88,85,72,80,63,59,63,61,70,53,75,66,71,71,57,73,54,69,68,67,56,68,92,73,63,70,84,67,70,64,80,67,84,56,67,62,61,69,67,52,68,69,55,67,65,70,56,54,56,70,67,54,71,78,79,66,86,69,64,56,53,67,85,78,68,62,71,66,68,70,96,76,74,76,84,79,92,96,76,85,88,71,73
0,0,0,0,0,0,0,0,0,0,0,0,0,0,0,0,0,0,0,0,0,0,0,0,0,0,0,0,0,0,0,0,0,0,0,0,0,0,0,0,0,0,0,0,0,0,0,0,0,0,0,0,0,0,0,0,0,0,0,0,0,0,0,0,0,0,0,0,0,0,0,0,0,0,0,0,0,0,0,0,0,0,0,0,0,0,0,0,0,0,0,0,0,0,0,0,0,0,0,0,0,0,0,0,0,0,0,0,0,0,0,0,0,0,0,0,0,0,0,0,0,0,0,0,0,0,0,0,0,0,0,0,0,0,0,0,0,0,0,0,0,0,0,0,0,0,0,0,0,0,0,0,0,0,0,0,0,0,0,0,0,0,0,0,0,0,0,0,0,0,0,0,0,0,0,0,0,0,0,0,0,0,0,0,0,0,0,0,0,0,0,0,0,0,0,0,0,0,0,0,0,0,0,0,0,0,0,0,0,0,0,0,0,0,0,0,0,0,0,0,0,0,0,0,0,0,0,0,0,0,0,0,0,0,0,0,0,0,0,0,0,0,0,0,0,0,0,0,0,0,0,0,0,0,0,0,0,0,0,0,0,0,0,0,0,0,0,0,0,0,0,0,0,0,0,0,0,0,0,0,0,0,0,0,0,0,0,0,0,0,0,0,0,0,0,0,0,0,0,0,0,0,0,0,0,0,0,0,0,0,0,0,0,0,0,0,0,0,0,0,0,0,0,0,0,0,0,0,0,0,0,0,0,0,0,0,0,0,0,0,0,0,0,0,0,0,1,0,0,0,0,0,1,0,0,0,0,1,0,0,0,0,1,0,1,0,0,1,2,0,0,2,1,2,0,2,0,1,1,1,0,1,0,2,1,1,0,0,1,1,3,0,1,1,1,1,0,0,1,3,5,0,0,2,3,3,4,3,6,2,0,3,3,1,3,2,3,3,2,5,4,4,3,8,5,3,6,6,7,10,3,7,7,6,5,8,4,10,4,7,9,6,7,11,10,13,13,9,11,14,19,11,7,18,19,14,17,12,16,19,16,13,13,9,14,20,14,11,14,22,18,21,23,20,14,15,24,22,31,18,22,22,22,26,24,31,27,15,38,19,33,25,22,27,27,34,26,30,29,23,28,32,39,20,28,32,30,30,34,47,47,31,39,31,47,57,43,43,38,38,30,34,51,43,40,58,46,58,48,42,50,51,48,59,64,67,60,62,65,69,44,51,67,49,66,62,71,62,64,63,68,88,66,89,60,68,65,81,85,79,73,75,83,79,81,96,88,78,80,102,92,80,95,96,84,121,72,102,117,110,105,88,111,103,106,116,115,96,100,136,129,126,134,135,136,137,135,125,136,143,143,143,136,136,130,122,161,141,145,142,155,143,145,141,138,138,175,152,151,161,168,150,132,150,150,154,175,185,139,146,143,138,149,132,146,130,137,131,145,123,106,141,134,147,131,143,141,122,129,138,112,139,123,127,135,130,116,127,108,139,120,144,109,122,119,124,110,106,114,110,124,116,123,119,98,106,105,104,89,90,112,92,97,103,121,103,82,104,78,102,90,95,91,82,85,79,85,86,84,83,78,85,78,94,81,85,79,77,69,74,83,65,71,76,58,59,64,77,68,54,62,58,57,52,72,65,53,64,57,68,63,71,63,62,65,74,74,65,61,62,70,67,59,64,68,69,76,62,62,55,61,68,51,61,61,80,79,59,67,70,58,67,55,65,70,65,71,63,63,72,60,60,65,71,68,69,73,81,75,59,59,67,76,63,69,56,66,76,73,82,84,84,74,88,74,67,66,77,75,80
0,0,0,0,0,0,0,0,0,0,0,0,0,0,0,0,0,0,0,0,0,0,0,0,0,0,0,0,0,0,0,0,0,0,0,0,0,0,0,0,0,0,0,0,0,0,0,0,0,0,0,0,0,0,0,0,0,0,0,0,0,0,0,0,0,0,0,0,0,0,0,0,0,0,0,0,0,0,0,0,0,0,0,0,0,0,0,0,0,0,0,0,0,0,0,0,0,0,0,0,0,0,0,0,0,0,0,0,0,0,0,0,0,0,0,0,0,0,0,0,0,0,0,0,0,0,0,0,0,0,0,0,0,0,0,0,0,0,0,0,0,0,0,0,0,0,0,0,0,0,0,0,0,0,0,0,0,0,0,0,0,0,0,0,0,0,0,0,0,0,0,0,0,0,0,0,0,0,0,0,0,0,0,0,0,0,0,0,0,0,0,0,0,0,0,0,0,0,0,0,0,0,0,0,0,0,0,0,0,0,0,0,0,0,0,0,0,0,0,0,0,0,0,0,0,0,0,0,0,0,0,0,0,0,0,0,0,0,0,0,0,0,0,0,0,0,0,0,0,0,0,0,0,0,0,0,0,0,0,0,0,0,0,0,0,0,0,0,0,0,0,0,0,0,0,0,0,0,0,0,0,0,0,0,0,0,0,0,0,0,0,0,0,0,0,0,0,0,0,0,0,0,0,0,0,0,0,0,0,0,0,0,0,0,0,0,0,0,0,2,0,0,0,0,0,0,0,0,0,0,0,0,0,0,0,0,0,0,0,0,0,0,0,0,0,0,1,0,0,0,0,0,1,0,0,1,0,1,0,0,1,1,0,1,0,1,0,0,1,0,0,0,2,1,0,1,0,1,0,1,0,1,2,3,3,0,0,1,0,1,2,2,1,1,3,0,2,0,1,3,2,0,1,4,3,2,2,1,5,2,6,2,0,1,2,4,5,5,1,4,1,4,3,2,7,7,5,3,5,9,5,6,9,1,9,4,10,4,7,9,11,5,8,10,10,13,12,7,11,8,12,11,15,11,20,10,8,16,11,21,12,13,17,17,15,9,12,10,12,16,18,20,16,21,20,16,27,26,26,36,19,28,26,24,25,40,31,22,28,28,33,28,39,23,24,24,45,39,30,23,28,32,34,40,33,28,40,31,35,40,33,31,23,40,41,38,30,44,48,49,41,44,42,53,39,56,43,47,45,44,45,61,51,50,39,69,49,66,64,54,67,60,55,54,64,51,58,58,60,68,56,83,69,64,53,76,84,85,76,86,80,71,59,81,92,88,84,77,83,78,99,122,106,98,93,111,84,116,93,110,114,128,117,98,127,101,94,119,105,136,138,111,123,130,123,146,125,114,139,117,108,134,144,124,124,136,151,130,137,145,142,145,135,168,155,176,158,122,169,140,153,133,144,142,151,142,160,135,133,175,154,146,155,151,155,131,135,143,157,145,170,129,143,162,133,138,129,128,143,147,128,125,132,123,128,154,111,133,144,124,115,118,119,122,127,118,131,109,111,110,116,100,88,108,108,98,114,104,102,96,118,94,91,102,99,93,102,110,89,93,96,104,90,91,98,93,83,105,70,97,82,81,79,79,82,70,87,81,77,86,65,88,68,67,76,82,67,69,76,77,71,87,71,59,73,71,63,68,68,73,59,52,55,66,70,61,65,74,68,50,60,56,68,64,70,75,58,66,60,65,58,54,77,67,49,78,62,62,76,65,61,66,61,51,75,74,60,81,60,67,79,82,64,73,72,60,69,68,57,67,64,79,65,80,90,70,75,73,63,80,74,75,75,83,70,96,83,89,71,82
0,0,0,0,0,0,0,0,0,0,0,0,0,0,0,0,0,0,0,0,0,0,0,0,0,0,0,0,0,0,0,0,0,0,0,0,0,0,0,0,0,0,0,0,0,0,0,0,0,0,0,0,0,0,0,0,0,0,0,0,0,0,0,0,0,0,0,0,0,0,0,0,0,0,0,0,0,0,0,0,0,0,0,0,0,0,0,0,0,0,0,0,0,0,0,0,0,0,0,0,0,0,0,0,0,0,0,0,0,0,0,0,0,0,0,0,0,0,0,0,0,0,0,0,0,0,0,0,0,0,0,0,0,0,0,0,0,0,0,0,0,0,0,0,0,0,0,0,0,0,0,0,0,0,0,0,0,0,0,0,0,0,0,0,0,0,0,0,0,0,0,0,0,0,0,0,0,0,0,0,0,0,0,0,0,0,0,0,0,0,0,0,0,0,0,0,0,0,0,0,0,0,0,0,0,0,0,0,0,0,0,0,0,0,0,0,0,0,0,0,0,0,0,0,0,0,0,0,0,0,0,0,0,0,0,0,0,0,0,0,0,0,0,0,0,0,0,0,0,0,0,0,0,0,0,0,0,0,0,0,0,0,0,0,0,0,0,0,0,0,0,0,0,0,0,0,0,0,0,0,0,0,0,0,0,0,0,0,0,0,0,0,0,0,0,0,0,0,0,0,0,0,0,0,0,0,0,0,0,0,0,0,0,0,0,0,0,0,0,0,0,0,0,0,0,0,0,0,0,0,0,0,0,0,0,0,0,0,1,0,0,0,0,0,0,0,0,0,1,0,0,1,0,0,0,0,0,0,1,0,0,0,0,0,0,0,1,1,0,0,0,0,0,0,3,1,0,0,2,0,0,1,0,1,1,2,1,0,0,0,1,2,1,2,1,1,2,3,2,2,3,3,1,2,1,1,3,3,3,4,2,4,4,6,3,0,10,5,5,6,2,8,6,7,3,9,6,3,4,3,7,3,7,6,9,11,7,5,12,6,6,2,11,12,10,12,6,10,10,14,14,12,13,7,14,12,22,9,21,10,18,13,16,17,11,19,12,21,18,17,18,25,18,22,18,12,19,19,15,25,20,26,27,23,27,24,23,26,31,31,29,25,23,19,34,19,27,28,37,21,31,32,41,45,41,27,37,33,34,41,42,31,37,36,35,41,46,34,51,32,55,50,49,53,45,41,46,48,44,55,61,55,45,44,45,43,55,61,62,57,51,66,62,57,50,73,55,76,61,69,67,78,66,67,68,74,73,84,69,100,69,78,87,75,87,89,67,105,108,75,103,81,75,105,111,93,94,103,107,89,112,106,108,116,101,118,116,118,119,128,125,124,115,150,125,113,123,151,141,130,139,145,144,135,126,149,131,154,140,146,148,140,144,138,132,131,129,156,135,132,145,132,153,154,152,138,130,147,139,139,136,123,130,151,135,123,124,149,148,136,149,121,156,141,159,154,139,118,143,138,126,125,140,137,114,125,134,113,118,127,122,129,108,112,129,125,121,121,126,112,111,98,116,116,98,105,106,132,81,105,98,92,85,93,88,115,90,92,89,75,102,82,86,97,104,101,98,81,81,82,78,93,102,83,92,68,80,65,93,81,84,81,77,75,81,77,79,86,66,78,65,55,64,69,64,77,76,67,67,68,66,63,64,60,77,66,78,83,75,63,56,64,70,63,74,50,65,68,68,64,67,79,66,82,71,60,65,61,60,76,62,65,69,62,85,56,80,55,79,57,62,67,55,75,78,74,82,76,77,58,60,65,80,64,74,62,80,74,81,80,91,85,77,76,87,96,72,76,83,100
0,0,0,0,0,0,0,0,0,0,0,0,0,0,0,0,0,0,0,0,0,0,0,0,0,0,0,0,0,0,0,0,0,0,0,0,0,0,0,0,0,0,0,0,0,0,0,0,0,0,0,0,0,0,0,0,0,0,0,0,0,0,0,0,0,0,0,0,0,0,0,0,0,0,0,0,0,0,0,0,0,0,0,0,0,0,0,0,0,0,0,0,0,0,0,0,0,0,0,0,0,0,0,0,0,0,0,0,0,0,0,0,0,0,0,0,0,0,0,0,0,0,0,0,0,0,0,0,0,0,0,0,0,0,0,0,0,0,0,0,0,0,0,0,0,0,0,0,0,0,0,0,0,0,0,0,0,0,0,0,0,0,0,0,0,0,0,0,0,0,0,0,0,0,0,0,0,0,0,0,0,0,0,0,0,0,0,0,0,0,0,0,0,0,0,0,0,0,0,0,0,0,0,0,0,0,0,0,0,0,0,0,0,0,0,0,0,0,0,0,0,0,0,0,0,0,0,0,0,0,0,0,0,0,0,0,0,0,0,0,0,0,0,0,0,0,0,0,0,0,0,0,0,0,0,0,0,0,0,0,0,0,0,0,0,0,0,0,0,0,0,0,0,0,0,0,0,0,0,0,0,0,0,0,0,0,0,0,0,0,0,0,0,0,0,0,0,0,0,0,0,0,0,0,0,0,0,0,0,0,0,0,0,0,0,0,0,0,0,0,0,1,0,0,0,0,0,0,0,0,0,0,1,1,0,0,0,0,0,0,0,1,0,0,0,0,0,0,0,0,0,0,0,0,0,0,0,0,1,2,0,0,0,0,0,0,0,1,0,0,1,0,1,0,0,1,1,0,2,1,1,0,2,0,1,2,1,0,0,1,1,3,2,2,1,0,1,2,3,3,3,1,3,2,1,5,4,2,5,2,0,5,1,8,6,6,2,5,3,2,9,6,5,4,7,3,8,2,4,7,6,7,9,4,7,8,7,11,3,9,6,9,6,12,9,6,5,15,6,15,11,16,15,15,11,9,12,9,11,11,11,18,12,21,27,14,12,16,20,15,23,18,24,21,26,33,17,21,16,24,28,21,20,16,36,26,33,19,30,21,24,30,20,25,29,31,27,34,36,34,35,31,29,23,31,29,34,45,34,24,39,42,42,33,35,44,32,39,35,51,42,41,40,43,55,52,40,34,48,51,62,53,54,48,39,55,60,58,61,60,69,60,65,57,72,59,56,65,45,76,70,69,69,69,69,91,76,80,88,96,81,85,69,90,85,94,72,91,96,94,110,92,120,109,91,100,105,90,113,107,102,107,116,113,113,133,108,129,127,116,109,111,122,138,113,138,126,131,144,174,145,121,131,144,110,152,140,129,155,123,146,126,147,137,125,149,129,136,145,152,155,149,166,157,151,128,134,139,141,134,137,131,152,151,122,132,143,150,139,140,141,137,134,134,155,135,126,135,147,125,127,146,121,146,136,111,129,124,117,131,117,121,134,120,132,126,127,128,114,128,97,105,108,110,114,98,93,113,107,123,112,102,112,94,112,90,106,107,102,93,86,78,94,77,89,87,73,114,83,82,72,90,67,71,86,81,81,76,67,89,96,80,97,61,94,74,72,85,68,74,65,88,76,82,49,86,67,65,59,69,67,57,53,72,68,55,66,70,59,57,64,59,69,69,73,58,78,50,58,63,73,59,65,50,76,69,65,58,67,66,57,67,46,52,65,61,67,53,74,72,67,61,78,62,65,77,68,64,73,66,84,81,60,65,73,74,79,87,69,79,103,93,73,74,75,81,71,70,92,97
0,0,0,0,0,0,0,0,0,0,0,0,0,0,0,0,0,0,0,0,0,0,0,0,0,0,0,0,0,0,0,0,0,0,0,0,0,0,0,0,0,0,0,0,0,0,0,0,0,0,0,0,0,0,0,0,0,0,0,0,0,0,0,0,0,0,0,0,0,0,0,0,0,0,0,0,0,0,0,0,0,0,0,0,0,0,0,0,0,0,0,0,0,0,0,0,0,0,0,0,0,0,0,0,0,0,0,0,0,0,0,0,0,0,0,0,0,0,0,0,0,0,0,0,0,0,0,0,0,0,0,0,0,0,0,0,0,0,0,0,0,0,0,0,0,0,0,0,0,0,0,0,0,0,0,0,0,0,0,0,0,0,0,0,0,0,0,0,0,0,0,0,0,0,0,0,0,0,0,0,0,0,0,0,0,0,0,0,0,0,0,0,0,0,0,0,0,0,0,0,0,0,0,0,0,0,0,0,0,0,0,0,0,0,0,0,0,0,0,0,0,0,0,0,0,0,0,0,0,0,0,0,0,0,0,0,0,0,0,0,0,0,0,0,0,0,0,0,0,0,0,0,0,0,0,0,0,0,0,0,0,0,0,0,0,0,0,0,0,0,0,0,0,0,0,0,0,0,0,0,0,0,0,0,0,0,0,0,0,0,0,0,0,0,0,0,0,0,0,0,0,0,0,0,0,0,0,0,0,0,0,0,0,0,0,0,0,0,0,0,0,0,0,0,0,0,0,0,0,0,0,0,0,0,0,0,0,1,0,0,0,0,0,0,0,0,0,0,0,0,0,0,0,0,0,0,0,0,0,1,0,1,0,0,1,0,0,0,0,1,0,0,0,1,2,0,0,1,1,0,0,0,0,0,2,2,2,2,1,2,3,3,0,0,1,1,0,1,0,2,1,4,4,4,2,3,4,5,2,4,2,5,2,0,5,6,3,4,5,4,6,7,4,2,3,3,5,2,6,10,4,4,8,5,8,9,11,5,12,10,9,9,4,8,7,12,11,9,11,14,12,14,13,17,11,16,11,14,17,9,20,22,13,15,20,20,14,17,15,31,15,10,20,13,10,15,11,29,22,15,23,23,34,25,19,20,29,21,25,25,28,35,28,31,34,34,26,26,31,40,27,28,42,38,35,28,27,26,24,29,43,51,45,43,43,35,46,43,30,45,50,45,39,40,47,45,47,56,49,55,44,47,45,45,52,45,56,66,54,48,67,49,64,56,62,58,62,53,66,80,58,70,67,73,78,74,72,70,69,81,68,81,78,83,86,98,80,86,92,100,99,105,106,91,104,91,102,89,105,86,105,113,141,116,107,140,104,101,128,114,112,122,109,116,100,149,146,135,127,140,137,135,135,132,139,152,167,144,157,136,147,143,155,161,165,141,153,165,153,148,133,143,145,141,140,157,154,134,155,156,150,139,136,133,145,132,158,150,144,145,151,169,140,131,137,130,147,137,123,160,123,131,159,135,128,124,131,126,132,107,123,121,128,119,120,95,141,102,115,107,118,114,97,109,119,108,100,122,92,107,91,98,93,125,110,96,109,104,94,96,87,64,109,103,89,96,76,71,91,86,86,69,76,85,82,62,82,70,86,75,92,91,86,75,71,66,71,82,73,79,63,71,66,63,70,69,58,78,74,74,65,68,64,50,65,66,62,59,77,64,63,72,62,63,70,60,72,69,71,65,62,60,71,75,71,62,74,70,64,53,66,68,75,61,65,47,75,57,56,58,62,69,74,82,65,80,71,57,53,75,67,73,70,79,73,75,85,84,77,71,94,78,76,69,77,77,86,78,86,96
0,0,0,0,0,0,0,0,0,0,0,0,0,0,0,0,0,0,0,0,0,0,0,0,0,0,0,0,0,0,0,0,0,0,0,0,0,0,0,0,0,0,0,0,0,0,0,0,0,0,0,0,0,0,0,0,0,0,0,0,0,0,0,0,0,0,0,0,0,0,0,0,0,0,0,0,0,0,0,0,0,0,0,0,0,0,0,0,0,0,0,0,0,0,0,0,0,0,0,0,0,0,0,0,0,0,0,0,0,0,0,0,0,0,0,0,0,0,0,0,0,0,0,0,0,0,0,0,0,0,0,0,0,0,0,0,0,0,0,0,0,0,0,0,0,0,0,0,0,0,0,0,0,0,0,0,0,0,0,0,0,0,0,0,0,0,0,0,0,0,0,0,0,0,0,0,0,0,0,0,0,0,0,0,0,0,0,0,0,0,0,0,0,0,0,0,0,0,0,0,0,0,0,0,0,0,0,0,0,0,0,0,0,0,0,0,0,0,0,0,0,0,0,0,0,0,0,0,0,0,0,0,0,0,0,0,0,0,0,0,0,0,0,0,0,0,0,0,0,0,0,0,0,0,0,0,0,0,0,0,0,0,0,0,0,0,0,0,0,0,0,0,0,0,0,0,0,0,0,0,0,0,0,0,0,0,0,0,0,0,0,0,0,0,0,0,0,0,0,0,0,0,0,0,0,0,0,0,0,0,1,0,0,0,0,0,0,0,0,0,1,0,0,0,0,1,0,0,0,0,0,0,0,1,0,0,0,0,0,0,0,0,0,0,0,0,0,0,0,0,0,1,0,0,1,0,0,0,0,0,0,0,1,0,0,0,0,0,0,0,1,1,0,1,0,1,1,1,0,0,1,0,0,0,1,1,2,0,1,5,2,3,0,2,4,1,0,1,2,2,4,1,3,1,1,2,3,5,0,3,1,3,3,3,2,4,8,4,9,6,4,3,6,6,3,6,4,4,3,5,6,6,7,6,8,5,7,5,6,7,9,8,11,10,11,11,11,10,8,8,15,7,16,13,15,18,9,18,12,25,20,14,10,20,18,21,13,18,24,18,19,17,25,18,14,22,14,24,24,21,13,24,21,21,26,32,22,34,28,25,19,27,28,25,38,30,32,38,31,32,38,31,34,44,35,31,51,43,37,46,32,33,44,39,38,35,41,58,39,48,38,44,35,37,43,63,55,39,54,54,44,50,58,59,67,56,54,56,63,66,60,56,58,69,54,68,58,43,61,60,72,69,69,83,73,72,70,66,83,70,86,77,70,84,63,93,91,85,87,76,90,84,102,97,79,115,112,104,105,112,101,95,96,104,110,124,115,100,107,127,118,117,109,140,125,121,114,113,138,150,142,149,149,151,141,156,134,139,159,126,134,145,145,159,132,166,145,135,167,148,141,173,121,150,159,155,158,146,151,149,150,142,137,162,146,118,139,143,147,160,156,122,151,135,138,143,133,147,138,104,128,153,135,129,135,116,144,117,117,131,120,123,119,117,110,122,120,121,134,120,101,118,129,100,125,109,96,109,98,92,91,90,109,120,111,102,87,97,93,83,100,87,80,96,90,100,89,87,87,86,90,82,75,70,80,68,88,97,82,90,74,73,78,76,71,64,76,67,75,67,74,72,73,57,74,74,60,51,59,64,69,51,67,68,75,64,70,55,88,50,76,72,54,68,62,95,57,59,81,70,65,49,80,60,83,63,64,72,58,54,65,53,72,57,71,64,80,57,75,83,65,73,66,69,67,80,77,58,70,73,61,69,65,72,65,56,77,79,68,77,73,66,74,95,80,79,67,91,91,73
0,0,0,0,0,0,0,0,0,0,0,0,0,0,0,0,0,0,0,0,0,0,0,0,0,0,0,0,0,0,0,0,0,0,0,0,0,0,0,0,0,0,0,0,0,0,0,0,0,0,0,0,0,0,0,0,0,0,0,0,0,0,0,0,0,0,0,0,0,0,0,0,0,0,0,0,0,0,0,0,0,0,0,0,0,0,0,0,0,0,0,0,0,0,0,0,0,0,0,0,0,0,0,0,0,0,0,0,0,0,0,0,0,0,0,0,0,0,0,0,0,0,0,0,0,0,0,0,0,0,0,0,0,0,0,0,0,0,0,0,0,0,0,0,0,0,0,0,0,0,0,0,0,0,0,0,0,0,0,0,0,0,0,0,0,0,0,0,0,0,0,0,0,0,0,0,0,0,0,0,0,0,0,0,0,0,0,0,0,0,0,0,0,0,0,0,0,0,0,0,0,0,0,0,0,0,0,0,0,0,0,0,0,0,0,0,0,0,0,0,0,0,0,0,0,0,0,0,0,0,0,0,0,0,0,0,0,0,0,0,0,0,0,0,0,0,0,0,0,0,0,0,0,0,0,0,0,0,0,0,0,0,0,0,0,0,0,0,0,0,0,0,0,0,0,0,0,0,0,0,0,0,0,0,0,0,0,0,0,0,0,0,0,0,0,0,0,0,0,0,0,0,0,0,0,0,0,0,0,0,0,0,0,0,0,0,0,0,0,0,0,0,0,0,0,0,0,0,0,1,0,0,0,0,0,0,0,0,0,1,0,0,0,1,0,0,0,1,0,0,1,0,0,0,0,0,1,0,0,0,0,0,0,0,0,1,1,0,0,1,0,1,1,0,1,0,3,1,0,0,1,1,0,0,0,2,0,1,0,0,0,0,3,1,0,1,3,1,2,0,3,2,3,1,3,0,2,2,2,2,3,2,3,2,4,7,4,4,6,1,6,3,3,7,3,7,5,3,8,5,10,8,4,8,4,7,6,8,7,9,6,7,8,7,5,13,14,10,13,8,9,8,8,10,13,16,17,14,11,22,20,19,16,17,15,19,16,18,21,16,20,12,23,25,15,19,18,16,23,20,20,29,31,16,24,25,24,28,30,25,16,29,25,27,28,31,37,35,32,27,34,43,26,24,35,31,34,34,40,28,43,46,37,40,37,37,46,40,35,42,33,45,39,43,36,42,56,58,47,56,39,52,42,57,34,47,52,49,45,58,56,56,43,54,53,70,58,70,68,76,57,72,69,64,64,66,71,74,82,83,75,65,71,88,77,80,89,92,104,84,101,81,105,69,93,82,103,88,110,120,123,86,117,124,104,145,113,108,115,109,133,117,126,123,128,115,121,149,146,142,138,122,150,140,150,138,153,125,160,156,166,169,150,153,165,133,143,139,138,140,150,161,159,128,160,133,134,181,146,153,153,116,147,146,138,143,165,140,146,165,154,172,160,136,136,147,134,150,120,134,126,122,119,118,135,125,144,133,137,133,126,122,119,117,116,107,119,112,115,127,122,109,122,131,100,109,104,129,92,109,107,111,94,93,98,97,104,123,93,72,95,75,77,97,95,77,83,96,89,104,92,94,66,80,88,82,78,103,78,79,85,79,80,82,80,76,72,67,70,57,57,71,66,71,58,47,55,70,67,72,75,66,70,56,52,69,66,68,73,62,64,81,49,74,67,58,57,68,74,66,75,52,56,59,80,64,67,65,70,77,58,65,66,75,63,71,65,59,81,77,81,66,52,72,75,59,73,67,66,70,81,67,82,71,58,68,89,70,69,72,80,81,90,76,69,96,82,82,73,89
0,0,0,0,0,0,0,0,0,0,0,0,0,0,0,0,0,0,0,0,0,0,0,0,0,0,0,0,0,0,0,0,0,0,0,0,0,0,0,0,0,0,0,0,0,0,0,0,0,0,0,0,0,0,0,0,0,0,0,0,0,0,0,0,0,0,0,0,0,0,0,0,0,0,0,0,0,0,0,0,0,0,0,0,0,0,0,0,0,0,0,0,0,0,0,0,0,0,0,0,0,0,0,0,0,0,0,0,0,0,0,0,0,0,0,0,0,0,0,0,0,0,0,0,0,0,0,0,0,0,0,0,0,0,0,0,0,0,0,0,0,0,0,0,0,0,0,0,0,0,0,0,0,0,0,0,0,0,0,0,0,0,0,0,0,0,0,0,0,0,0,0,0,0,0,0,0,0,0,0,0,0,0,0,0,0,0,0,0,0,0,0,0,0,0,0,0,0,0,0,0,0,0,0,0,0,0,0,0,0,0,0,0,0,0,0,0,0,0,0,0,0,0,0,0,0,0,0,0,0,0,0,0,0,0,0,0,0,0,0,0,0,0,0,0,0,0,0,0,0,0,0,0,0,0,0,0,0,0,0,0,0,0,0,0,0,0,0,0,0,0,0,0,0,0,0,0,0,0,0,0,0,0,0,0,0,0,0,0,0,0,0,0,0,0,0,0,0,0,0,0,0,0,0,0,0,0,0,0,0,0,0,0,0,0,0,0,0,0,0,0,0,0,0,0,0,0,0,0,0,0,0,0,0,0,0,0,0,0,0,0,0,0,0,0,0,0,0,0,0,0,1,1,0,0,1,1,0,0,1,0,1,0,1,1,0,0,0,1,0,1,1,1,0,0,0,1,2,0,0,0,0,0,2,2,0,0,1,2,1,0,2,1,1,0,1,1,4,1,2,3,3,3,3,0,3,3,0,3,1,2,5,7,7,1,5,5,2,5,11,5,6,4,3,3,5,3,8,7,3,2,8,8,11,8,4,10,6,11,7,10,8,11,7,5,8,7,9,7,16,14,12,12,11,10,12,15,17,17,14,11,19,17,12,20,12,16,13,18,22,20,22,17,23,22,29,27,19,28,23,21,15,22,27,27,27,27,38,25,33,24,17,39,25,41,38,30,36,30,26,34,38,27,27,34,44,36,50,37,38,37,39,60,34,35,49,39,38,42,39,41,43,55,37,50,44,56,44,54,59,62,49,47,50,49,65,55,63,43,50,61,50,61,65,50,58,81,82,53,66,64,76,71,61,84,68,76,80,69,95,78,87,80,105,75,72,82,92,79,119,105,95,83,92,99,102,99,93,94,108,96,91,121,124,115,115,107,125,116,119,121,122,130,116,149,128,105,126,116,125,133,150,135,153,127,123,133,152,160,134,135,144,141,132,148,144,153,154,138,138,150,141,151,155,149,143,137,144,139,156,149,144,168,125,124,136,163,128,128,143,154,136,130,126,171,145,155,146,149,133,124,126,126,137,133,141,116,116,124,130,135,130,116,124,123,116,114,116,115,118,118,110,118,104,91,134,125,102,117,97,92,83,86,98,103,98,98,94,100,80,96,104,90,104,80,91,78,89,77,86,93,96,93,72,86,85,72,78,77,75,106,78,73,85,79,80,69,69,81,79,76,70,66,61,73,75,72,62,54,69,58,73,61,79,74,68,71,59,62,53,65,76,67,81,60,63,69,75,67,66,75,57,58,83,75,74,58,67,53,71,62,74,52,72,64,64,70,79,64,56,73,75,63,58,66,66,73,80,79,55,60,82,77,84,60,76,63,98,86,83,69,71,78,73,71,74,84,83,72,86
0,0,0,0,0,0,0,0,0,0,0,0,0,0,0,0,0,0,0,0,0,0,0,0,0,0,0,0,0,0,0,0,0,0,0,0,0,0,0,0,0,0,0,0,0,0,0,0,0,0,0,0,0,0,0,0,0,0,0,0,0,0,0,0,0,0,0,0,0,0,0,0,0,0,0,0,0,0,0,0,0,0,0,0,0,0,0,0,0,0,0,0,0,0,0,0,0,0,0,0,0,0,0,0,0,0,0,0,0,0,0,0,0,0,0,0,0,0,0,0,0,0,0,0,0,0,0,0,0,0,0,0,0,0,0,0,0,0,0,0,0,0,0,0,0,0,0,0,0,0,0,0,0,0,0,0,0,0,0,0,0,0,0,0,0,0,0,0,0,0,0,0,0,0,0,0,0,0,0,0,0,0,0,0,0,0,0,0,0,0,0,0,0,0,0,0,0,0,0,0,0,0,0,0,0,0,0,0,0,0,0,0,0,0,0,0,0,0,0,0,0,0,0,0,0,0,0,0,0,0,0,0,0,0,0,0,0,0,0,0,0,0,0,0,0,0,0,0,0,0,0,0,0,0,0,0,0,0,0,0,0,0,0,0,0,0,0,0,0,0,0,0,0,0,0,0,0,0,0,0,0,0,0,0,0,0,0,0,0,0,0,0,0,0,0,0,0,0,0,0,0,0,0,0,0,0,0,0,0,0,0,0,0,0,0,0,0,0,0,0,0,0,0,0,0,0,0,0,0,0,0,0,0,0,0,0,0,0,0,0,0,1,0,0,0,0,0,0,0,0,0,0,0,0,0,0,0,0,0,0,2,0,0,0,0,0,0,0,1,0,0,0,2,0,0,0,0,0,1,2,0,1,2,0,1,3,0,1,2,0,1,0,1,1,4,0,2,0,4,1,3,1,3,3,2,4,3,3,3,3,2,5,2,6,6,3,5,2,6,5,2,8,5,5,8,8,3,5,8,8,8,4,8,10,7,10,9,8,9,18,8,8,6,12,5,10,9,5,11,15,8,8,15,18,12,13,14,14,8,16,15,11,10,11,15,14,19,20,19,14,14,18,24,19,16,19,31,17,26,14,19,24,24,29,25,21,24,21,25,29,27,30,30,31,31,34,23,33,27,33,24,26,52,34,27,31,38,38,34,40,32,32,46,45,46,43,44,46,48,45,29,49,41,41,40,43,57,40,48,42,48,43,46,50,57,65,64,52,63,47,62,70,54,52,64,67,63,61,81,64,69,65,63,68,96,59,81,73,77,81,84,81,87,97,97,82,90,74,75,102,93,100,85,97,97,98,83,108,98,97,116,122,105,113,112,114,106,124,106,115,126,151,129,131,120,130,130,137,132,122,114,136,134,128,122,152,129,147,115,140,140,126,142,140,136,131,140,176,138,157,141,149,155,147,135,154,145,149,161,139,131,147,141,165,158,150,127,162,146,147,159,147,134,130,155,134,142,125,142,143,139,144,133,124,140,143,128,123,132,136,113,126,105,132,106,115,123,121,120,119,110,121,97,102,128,87,107,112,107,110,115,102,104,124,88,98,96,94,101,78,100,99,86,101,83,81,86,87,100,76,95,89,74,87,74,95,95,94,72,74,85,87,80,73,64,76,63,74,81,62,80,61,84,70,81,50,66,65,66,64,59,60,51,60,63,101,68,39,85,72,53,68,65,64,58,77,67,66,57,61,63,83,53,80,69,73,62,69,50,57,74,73,60,72,74,89,86,49,81,62,59,83,56,60,69,76,76,66,70,65,74,79,82,73,81,73,81,52,84,76,73,72,87,70,70,70,85,68,74,86
0,0,0,0,0,0,0,0,0,0,0,0,0,0,0,0,0,0,0,0,0,0,0,0,0,0,0,0,0,0,0,0,0,0,0,0,0,0,0,0,0,0,0,0,0,0,0,0,0,0,0,0,0,0,0,0,0,0,0,0,0,0,0,0,0,0,0,0,0,0,0,0,0,0,0,0,0,0,0,0,0,0,0,0,0,0,0,0,0,0,0,0,0,0,0,0,0,0,0,0,0,0,0,0,0,0,0,0,0,0,0,0,0,0,0,0,0,0,0,0,0,0,0,0,0,0,0,0,0,0,0,0,0,0,0,0,0,0,0,0,0,0,0,0,0,0,0,0,0,0,0,0,0,0,0,0,0,0,0,0,0,0,0,0,0,0,0,0,0,0,0,0,0,0,0,0,0,0,0,0,0,0,0,0,0,0,0,0,0,0,0,0,0,0,0,0,0,0,0,0,0,0,0,0,0,0,0,0,0,0,0,0,0,0,0,0,0,0,0,0,0,0,0,0,0,0,0,0,0,0,0,0,0,0,0,0,0,0,0,0,0,0,0,0,0,0,0,0,0,0,0,0,0,0,0,0,0,0,0,0,0,0,0,0,0,0,0,0,0,0,0,0,0,0,0,0,0,0,0,0,0,0,0,0,0,0,0,0,0,0,0,0,0,0,0,0,0,0,0,0,0,0,0,0,0,0,0,0,0,0,0,0,0,0,0,0,0,0,0,0,0,0,0,0,0,0,0,0,0,0,0,0,0,1,0,0,0,0,1,0,0,0,0,0,0,0,0,0,0,0,0,1,1,0,0,0,0,0,0,0,1,1,0,1,1,0,1,1,0,0,1,0,0,0,0,1,0,0,1,0,1,1,0,0,2,1,1,0,1,2,2,0,2,0,2,4,2,4,1,3,1,1,4,2,1,3,2,2,4,2,8,0,7,2,5,1,2,1,2,3,3,5,4,1,6,6,2,5,8,2,3,6,9,9,10,6,3,7,7,8,9,4,10,10,6,12,6,9,7,17,5,11,16,10,9,9,17,13,22,13,18,20,14,13,20,26,15,21,18,16,16,19,13,20,17,33,28,19,25,14,21,21,17,18,24,22,23,34,29,28,22,35,28,30,30,27,32,40,33,27,39,39,33,28,31,33,36,34,41,46,40,43,44,30,34,53,38,46,34,42,46,55,48,43,42,55,42,45,53,42,47,48,48,62,52,72,63,65,54,68,55,60,53,52,71,54,60,67,68,56,57,65,57,62,77,60,82,75,70,91,79,75,76,94,73,93,73,81,78,113,89,90,98,103,102,76,113,97,103,91,110,124,98,97,114,116,123,110,121,115,117,140,123,115,122,107,123,132,115,112,155,147,139,126,142,136,151,134,164,124,147,133,131,148,141,149,172,144,170,132,136,152,147,156,133,142,131,141,139,152,155,140,145,147,146,150,137,143,143,127,154,160,130,160,150,153,134,140,130,141,134,121,120,124,130,124,123,139,123,137,109,116,132,127,115,119,118,123,100,102,146,127,108,100,108,112,116,99,83,107,97,88,101,103,109,121,90,73,83,81,76,80,94,87,85,95,91,73,79,87,86,90,87,94,108,85,87,94,86,97,87,91,71,75,90,71,70,76,75,70,84,65,68,74,74,71,80,70,64,58,69,57,63,67,76,61,51,62,57,63,69,61,69,58,59,69,68,61,71,61,62,75,74,64,79,67,48,77,60,49,65,55,65,70,58,63,74,62,59,69,61,56,84,75,71,62,59,75,76,81,69,70,74,61,68,70,81,67,75,94,76,78,70,70,73,72,75,76,78,78
