new_admission_series1,new_admission_series2,new_admission_series3,new_admission_series4,new_admission_series5,new_admission_series6,new_admission_series7,new_admission_series8,new_admission_series9,new_admission_series10,new_admission_series11,new_admission_series12,new_admission_series13,new_admission_series14,new_admission_series15,new_admission_series16,new_admission_series17,new_admission_series18,new_admission_series19,new_admission_series20,new_admission_series21,new_admission_series22,new_admission_series23,new_admission_series24,new_admission_series25,new_admission_series26,new_admission_series27,new_admission_series28,new_admission_series29,new_admission_series30,new_admission_series31,new_admission_series32,new_admission_series33,new_admission_series34,new_admission_series35,new_admission_series36,new_admission_series37,new_admission_series38,new_admission_series39,new_admission_series40,new_admission_series41,new_admission_series42,new_admission_series43,new_admission_series44,new_admission_series45,new_admission_series46,new_admission_series47,new_admission_series48,new_admission_series49,new_admission_series50,new_admission_series51,new_admission_series52,new_admission_series53,new_admission_series54,new_admission_series55,new_admission_series56,new_admission_series57,new_admission_series58,new_admission_series59,new_admission_series60,new_admission_series61,new_admission_series62,new_admission_series63,new_admission_series64,new_admission_series65,new_admission_series66,new_admission_series67,new_admission_series68,new_admission_series69,new_admission_series70,new_admission_series71,new_admission_series72,new_admission_series73,new_admission_series74,new_admission_series75,new_admission_series76,new_admission_series77,new_admission_series78,new_admission_series79,new_admission_series80,new_admission_series81,new_admission_series82,new_admission_series83,new_admission_series84,new_admission_series85,new_admission_series86,new_admission_series87,new_admission_series88,new_admission_series89,new_admission_series90,new_admission_series91,new_admission_series92,new_admission_series93,new_admission_series94,new_admission_series95,new_admission_series96,new_admission_series97,new_admission_series98,new_admission_series99,new_admission_series100,new_admission_series101,new_admission_series102,new_admission_series103,new_admission_series104,new_admission_series105,new_admission_series106,new_admission_series107,new_admission_series108,new_admission_series109,new_admission_series110,new_admission_series111,new_admission_series112,new_admission_series113,new_admission_series114,new_admission_series115,new_admission_series116,new_admission_series117,new_admission_series118,new_admission_series119,new_admission_series120,new_admission_series121,new_admission_series122,new_admission_series123,new_admission_series124,new_admission_series125,new_admission_series126,new_admission_series127,new_admission_series128,new_admission_series129,new_admission_series130,new_admission_series131,new_admission_series132,new_admission_series133,new_admission_series134,new_admission_series135,new_admission_series136,new_admission_series137,new_admission_series138,new_admission_series139,new_admission_series140,new_admission_series141,new_admission_series142,new_admission_series143,new_admission_series144,new_admission_series145,new_admission_series146,new_admission_series147,new_admission_series148,new_admission_series149,new_admission_series150,new_admission_series151,new_admission_series152,new_admission_series153,new_admission_series154,new_admission_series155,new_admission_series156,new_admission_series157,new_admission_series158,new_admission_series159,new_admission_series160,new_admission_series161,new_admission_series162,new_admission_series163,new_admission_series164,new_admission_series165,new_admission_series166,new_admission_series167,new_admission_series168,new_admission_series169,new_admission_series170,new_admission_series171,new_admission_series172,new_admission_series173,new_admission_series174,new_admission_series175,new_admission_series176,new_admission_series177,new_admission_series178,new_admission_series179,new_admission_series180,new_admission_series181,new_admission_series182,new_admission_series183,new_admission_series184,new_admission_series185,new_admission_series186,new_admission_series187,new_admission_series188,new_admission_series189,new_admission_series190,new_admission_series191,new_admission_series192,new_admission_series193,new_admission_series194,new_admission_series195,new_admission_series196,new_admission_series197,new_admission_series198,new_admission_series199,new_admission_series200,new_admission_series201,new_admission_series202,new_admission_series203,new_admission_series204,new_admission_series205,new_admission_series206,new_admission_series207,new_admission_series208,new_admission_series209,new_admission_series210,new_admission_series211,new_admission_series212,new_admission_series213,new_admission_series214,new_admission_series215,new_admission_series216,new_admission_series217,new_admission_series218,new_admission_series219,new_admission_series220,new_admission_series221,new_admission_series222,new_admission_series223,new_admission_series224,new_admission_series225,new_admission_series226,new_admission_series227,new_admission_series228,new_admission_series229,new_admission_series230,new_admission_series231,new_admission_series232,new_admission_series233,new_admission_series234,new_admission_series235,new_admission_series236,new_admission_series237,new_admission_series238,new_admission_series239,new_admission_series240,new_admission_series241,new_admission_series242,new_admission_series243,new_admission_series244,new_admission_series245,new_admission_series246,new_admission_series247,new_admission_series248,new_admission_series249,new_admission_series250,new_admission_series251,new_admission_series252,new_admission_series253,new_admission_series254,new_admission_series255,new_admission_series256,new_admission_series257,new_admission_series258,new_admission_series259,new_admission_series260,new_admission_series261,new_admission_series262,new_admission_series263,new_admission_series264,new_admission_series265,new_admission_series266,new_admission_series267,new_admission_series268,new_admission_series269,new_admission_series270,new_admission_series271,new_admission_series272,new_admission_series273,new_admission_series274,new_admission_series275,new_admission_series276,new_admission_series277,new_admission_series278,new_admission_series279,new_admission_series280,new_admission_series281,new_admission_series282,new_admission_series283,new_admission_series284,new_admission_series285,new_admission_series286,new_admission_series287,new_admission_series288,new_admission_series289,new_admission_series290,new_admission_series291,new_admission_series292,new_admission_series293,new_admission_series294,new_admission_series295,new_admission_series296,new_admission_series297,new_admission_series298,new_admission_series299,new_admission_series300,new_admission_series301,new_admission_series302,new_admission_series303,new_admission_series304,new_admission_series305,new_admission_series306,new_admission_series307,new_admission_series308,new_admission_series309,new_admission_series310,new_admission_series311,new_admission_series312,new_admission_series313,new_admission_series314,new_admission_series315,new_admission_series316,new_admission_series317,new_admission_series318,new_admission_series319,new_admission_series320,new_admission_series321,new_admission_series322,new_admission_series323,new_admission_series324,new_admission_series325,new_admission_series326,new_admission_series327,new_admission_series328,new_admission_series329,new_admission_series330,new_admission_series331,new_admission_series332,new_admission_series333,new_admission_series334,new_admission_series335,new_admission_series336,new_admission_series337,new_admission_series338,new_admission_series339,new_admission_series340,new_admission_series341,new_admission_series342,new_admission_series343,new_admission_series344,new_admission_series345,new_admission_series346,new_admission_series347,new_admission_series348,new_admission_series349,new_admission_series350,new_admission_series351,new_admission_series352,new_admission_series353,new_admission_series354,new_admission_series355,new_admission_series356,new_admission_series357,new_admission_series358,new_admission_series359,new_admission_series360,new_admission_series361,new_admission_series362,new_admission_series363,new_admission_series364,new_admission_series365,new_admission_series366,new_admission_series367,new_admission_series368,new_admission_series369,new_admission_series370,new_admission_series371,new_admission_series372,new_admission_series373,new_admission_series374,new_admission_series375,new_admission_series376,new_admission_series377,new_admission_series378,new_admission_series379,new_admission_series380,new_admission_series381,new_admission_series382,new_admission_series383,new_admission_series384,new_admission_series385,new_admission_series386,new_admission_series387,new_admission_series388,new_admission_series389,new_admission_series390,new_admission_series391,new_admission_series392,new_admission_series393,new_admission_series394,new_admission_series395,new_admission_series396,new_admission_series397,new_admission_series398,new_admission_series399,new_admission_series400,new_admission_series401,new_admission_series402,new_admission_series403,new_admission_series404,new_admission_series405,new_admission_series406,new_admission_series407,new_admission_series408,new_admission_series409,new_admission_series410,new_admission_series411,new_admission_series412,new_admission_series413,new_admission_series414,new_admission_series415,new_admission_series416,new_admission_series417,new_admission_series418,new_admission_series419,new_admission_series420,new_admission_series421,new_admission_series422,new_admission_series423,new_admission_series424,new_admission_series425,new_admission_series426,new_admission_series427,new_admission_series428,new_admission_series429,new_admission_series430,new_admission_series431,new_admission_series432,new_admission_series433,new_admission_series434,new_admission_series435,new_admission_series436,new_admission_series437,new_admission_series438,new_admission_series439,new_admission_series440,new_admission_series441,new_admission_series442,new_admission_series443,new_admission_series444,new_admission_series445,new_admission_series446,new_admission_series447,new_admission_series448,new_admission_series449,new_admission_series450,new_admission_series451,new_admission_series452,new_admission_series453,new_admission_series454,new_admission_series455,new_admission_series456,new_admission_series457,new_admission_series458,new_admission_series459,new_admission_series460,new_admission_series461,new_admission_series462,new_admission_series463,new_admission_series464,new_admission_series465,new_admission_series466,new_admission_series467,new_admission_series468,new_admission_series469,new_admission_series470,new_admission_series471,new_admission_series472,new_admission_series473,new_admission_series474,new_admission_series475,new_admission_series476,new_admission_series477,new_admission_series478,new_admission_series479,new_admission_series480,new_admission_series481,new_admission_series482,new_admission_series483,new_admission_series484,new_admission_series485,new_admission_series486,new_admission_series487,new_admission_series488,new_admission_series489,new_admission_series490,new_admission_series491,new_admission_series492,new_admission_series493,new_admission_series494,new_admission_series495,new_admission_series496,new_admission_series497,new_admission_series498,new_admission_series499,new_admission_series500,new_admission_series501,new_admission_series502,new_admission_series503,new_admission_series504,new_admission_series505,new_admission_series506,new_admission_series507,new_admission_series508,new_admission_series509,new_admission_series510,new_admission_series511,new_admission_series512,new_admission_series513,new_admission_series514,new_admission_series515,new_admission_series516,new_admission_series517,new_admission_series518,new_admission_series519,new_admission_series520,new_admission_series521,new_admission_series522,new_admission_series523,new_admission_series524,new_admission_series525,new_admission_series526,new_admission_series527,new_admission_series528,new_admission_series529,new_admission_series530,new_admission_series531,new_admission_series532,new_admission_series533,new_admission_series534,new_admission_series535,new_admission_series536,new_admission_series537,new_admission_series538,new_admission_series539,new_admission_series540,new_admission_series541,new_admission_series542,new_admission_series543,new_admission_series544,new_admission_series545,new_admission_series546,new_admission_series547,new_admission_series548,new_admission_series549,new_admission_series550,new_admission_series551,new_admission_series552,new_admission_series553,new_admission_series554,new_admission_series555,new_admission_series556,new_admission_series557,new_admission_series558,new_admission_series559,new_admission_series560,new_admission_series561,new_admission_series562,new_admission_series563,new_admission_series564,new_admission_series565,new_admission_series566,new_admission_series567,new_admission_series568,new_admission_series569,new_admission_series570,new_admission_series571,new_admission_series572,new_admission_series573,new_admission_series574,new_admission_series575,new_admission_series576,new_admission_series577,new_admission_series578,new_admission_series579,new_admission_series580,new_admission_series581,new_admission_series582,new_admission_series583,new_admission_series584,new_admission_series585,new_admission_series586,new_admission_series587,new_admission_series588,new_admission_series589,new_admission_series590,new_admission_series591,new_admission_series592,new_admission_series593,new_admission_series594,new_admission_series595,new_admission_series596,new_admission_series597,new_admission_series598,new_admission_series599,new_admission_series600,new_admission_series601,new_admission_series602,new_admission_series603,new_admission_series604,new_admission_series605,new_admission_series606,new_admission_series607,new_admission_series608,new_admission_series609,new_admission_series610,new_admission_series611,new_admission_series612,new_admission_series613,new_admission_series614,new_admission_series615,new_admission_series616,new_admission_series617,new_admission_series618,new_admission_series619,new_admission_series620,new_admission_series621,new_admission_series622,new_admission_series623,new_admission_series624,new_admission_series625,new_admission_series626,new_admission_series627,new_admission_series628,new_admission_series629,new_admission_series630,new_admission_series631,new_admission_series632,new_admission_series633,new_admission_series634,new_admission_series635,new_admission_series636,new_admission_series637,new_admission_series638,new_admission_series639,new_admission_series640,new_admission_series641,new_admission_series642,new_admission_series643,new_admission_series644,new_admission_series645,new_admission_series646,new_admission_series647,new_admission_series648,new_admission_series649,new_admission_series650,new_admission_series651,new_admission_series652,new_admission_series653,new_admission_series654,new_admission_series655,new_admission_series656,new_admission_series657,new_admission_series658,new_admission_series659,new_admission_series660,new_admission_series661,new_admission_series662,new_admission_series663,new_admission_series664,new_admission_series665,new_admission_series666,new_admission_series667,new_admission_series668,new_admission_series669,new_admission_series670,new_admission_series671,new_admission_series672,new_admission_series673,new_admission_series674,new_admission_series675,new_admission_series676,new_admission_series677,new_admission_series678,new_admission_series679,new_admission_series680,new_admission_series681,new_admission_series682,new_admission_series683,new_admission_series684,new_admission_series685,new_admission_series686,new_admission_series687,new_admission_series688,new_admission_series689,new_admission_series690,new_admission_series691,new_admission_series692,new_admission_series693,new_admission_series694,new_admission_series695,new_admission_series696,new_admission_series697,new_admission_series698,new_admission_series699,new_admission_series700,new_admission_series701,new_admission_series702,new_admission_series703,new_admission_series704,new_admission_series705,new_admission_series706,new_admission_series707,new_admission_series708,new_admission_series709,new_admission_series710,new_admission_series711,new_admission_series712,new_admission_series713,new_admission_series714,new_admission_series715,new_admission_series716,new_admission_series717,new_admission_series718,new_admission_series719,new_admission_series720,new_admission_series721,new_admission_series722,new_admission_series723,new_admission_series724,new_admission_series725,new_admission_series726,new_admission_series727,new_admission_series728,new_admission_series729,new_admission_series730,new_admission_series731,new_admission_series732,new_admission_series733,new_admission_series734,new_admission_series735,new_admission_series736,new_admission_series737,new_admission_series738,new_admission_series739,new_admission_series740,new_admission_series741,new_admission_series742,new_admission_series743,new_admission_series744,new_admission_series745,new_admission_series746,new_admission_series747,new_admission_series748,new_admission_series749,new_admission_series750,new_admission_series751,new_admission_series752,new_admission_series753,new_admission_series754,new_admission_series755,new_admission_series756,new_admission_series757,new_admission_series758,new_admission_series759,new_admission_series760,new_admission_series761,new_admission_series762,new_admission_series763,new_admission_series764,new_admission_series765,new_admission_series766,new_admission_series767,new_admission_series768,new_admission_series769,new_admission_series770,new_admission_series771,new_admission_series772,new_admission_series773,new_admission_series774,new_admission_series775,new_admission_series776,new_admission_series777,new_admission_series778,new_admission_series779,new_admission_series780,new_admission_series781,new_admission_series782,new_admission_series783,new_admission_series784,new_admission_series785,new_admission_series786,new_admission_series787,new_admission_series788,new_admission_series789,new_admission_series790,new_admission_series791,new_admission_series792,new_admission_series793,new_admission_series794,new_admission_series795,new_admission_series796,new_admission_series797,new_admission_series798,new_admission_series799,new_admission_series800
0,0,0,0,0,0,0,0,0,0,0,0,0,0,0,0,0,0,0,0,0,0,0,0,0,0,0,0,0,0,0,0,0,0,0,0,0,0,0,0,0,0,0,0,0,0,0,0,0,0,0,0,0,0,0,0,0,0,0,0,0,0,0,0,0,0,0,0,0,0,0,0,0,0,0,0,0,0,0,0,0,0,0,0,0,0,0,0,0,0,0,0,0,0,0,0,0,0,0,0,0,0,0,0,0,0,0,0,0,0,0,0,0,0,0,0,0,0,0,0,0,0,0,0,0,0,0,0,0,0,0,0,0,0,0,0,0,0,0,0,0,0,0,0,0,0,0,0,0,0,0,0,0,0,0,0,0,0,0,0,0,0,0,0,0,0,0,0,0,0,0,0,0,0,0,0,0,0,0,0,0,0,0,0,0,0,0,0,0,0,0,0,0,0,0,0,0,0,0,0,0,0,0,0,0,0,0,0,0,0,0,0,0,0,0,0,0,0,0,0,0,0,0,0,0,0,0,0,0,0,0,0,0,0,0,0,0,0,0,0,0,0,0,0,0,0,0,0,0,0,0,0,0,0,0,0,0,0,0,0,0,0,0,0,0,0,0,0,0,0,0,0,0,0,0,0,0,0,0,0,0,0,0,0,0,0,0,0,0,0,0,0,0,0,0,0,0,0,0,0,0,0,0,0,0,0,0,0,0,0,0,0,0,0,0,0,0,0,0,0,0,0,0,0,0,1,0,0,0,1,0,0,0,0,0,0,0,0,2,0,0,1,0,0,0,2,0,1,0,0,0,0,2,2,1,0,1,2,0,0,1,2,1,0,1,0,2,3,1,3,1,1,2,0,2,4,3,1,3,2,3,4,8,5,6,1,7,5,3,5,8,3,6,5,3,9,6,10,8,7,8,3,16,11,12,10,13,15,11,10,12,10,15,17,13,13,11,22,15,28,17,7,22,14,22,17,24,18,26,20,27,29,30,25,32,28,26,25,28,37,34,34,36,28,50,39,46,33,42,36,43,44,52,55,51,48,53,52,64,52,60,66,58,56,59,60,66,62,77,64,78,84,79,80,84,87,75,93,88,86,78,78,98,103,102,89,112,101,92,85,114,107,115,102,102,117,103,121,113,145,104,108,135,131,141,141,134,138,129,146,144,155,161,161,144,162,140,164,167,169,158,155,176,203,168,161,193,184,185,190,191,196,180,215,205,195,217,235,247,219,224,221,196,240,229,235,233,258,233,263,229,262,266,252,289,249,288,277,286,317,298,294,299,308,350,313,335,358,329,335,367,342,346,351,359,384,375,381,422,407,419,431,441,433,447,413,440,433,429,470,449,494,466,516,457,500,542,491,490,502,486,508,516,541,522,555,517,513,538,514,550,512,566,549,549,537,546,521,543,582,528,527,566,530,563,547,623,549,527,550,524,552,495,550,551,550,486,547,538,567,500,520,507,494,515,501,543,514,482,511,525,466,473,506,467,502,491,459,501,509,449,455,420,466,467,454,434,442,463,449,436,432,429,444,400,378,400,396,427,407,379,386,355,379,356,391,354,348,334,339,351,356,346,309,335,347,335,339,307,312,311,325,331,316,278,298,298,301,290,308,287,292,320,283,259,273,268,275,268,268,287,268,257,244,274,232,258,247,265,277,245,241,246,222,243,257,234,306,252,240,241,257,265,227,283,246,261,258,274,268,235,225,260,225,267,248,260,212,262,218,270,259,239,225,248,270,230,273,275,256,262,289,260,256,269,241,295,278,254,276,250,315,263,254,281,282,283,283,261,287,280,291,322,303,286,337,296,296,283,304
0,0,0,0,0,0,0,0,0,0,0,0,0,0,0,0,0,0,0,0,0,0,0,0,0,0,0,0,0,0,0,0,0,0,0,0,0,0,0,0,0,0,0,0,0,0,0,0,0,0,0,0,0,0,0,0,0,0,0,0,0,0,0,0,0,0,0,0,0,0,0,0,0,0,0,0,0,0,0,0,0,0,0,0,0,0,0,0,0,0,0,0,0,0,0,0,0,0,0,0,0,0,0,0,0,0,0,0,0,0,0,0,0,0,0,0,0,0,0,0,0,0,0,0,0,0,0,0,0,0,0,0,0,0,0,0,0,0,0,0,0,0,0,0,0,0,0,0,0,0,0,0,0,0,0,0,0,0,0,0,0,0,0,0,0,0,0,0,0,0,0,0,0,0,0,0,0,0,0,0,0,0,0,0,0,0,0,0,0,0,0,0,0,0,0,0,0,0,0,0,0,0,0,0,0,0,0,0,0,0,0,0,0,0,0,0,0,0,0,0,0,0,0,0,0,0,0,0,0,0,0,0,0,0,0,0,0,0,0,0,0,0,0,0,0,0,0,0,0,0,0,0,0,0,0,0,0,0,0,0,0,0,0,0,0,0,0,0,0,0,0,0,0,0,0,0,0,0,0,0,0,0,0,0,0,0,0,0,0,0,0,0,0,0,0,0,0,0,0,0,0,0,0,0,0,0,1,1,0,0,0,0,0,0,1,0,0,0,0,0,0,0,0,0,0,0,0,0,0,1,1,0,1,1,0,1,0,1,0,0,1,2,0,0,0,1,1,1,0,2,1,0,2,0,1,0,0,0,0,1,0,1,0,1,1,0,0,3,1,2,4,4,3,3,3,5,3,0,6,2,2,7,3,2,2,5,6,2,5,5,4,6,3,3,9,6,8,4,6,8,14,7,3,7,5,10,9,9,7,14,14,20,8,18,17,23,9,13,15,17,20,19,21,25,24,17,29,30,22,25,24,29,33,15,20,23,26,17,34,32,28,39,39,26,39,36,39,40,46,35,44,49,45,47,55,63,51,50,43,57,66,56,63,68,64,81,72,71,64,65,69,78,81,78,69,90,85,90,79,75,69,86,99,84,109,91,91,100,82,104,106,115,107,129,96,109,126,94,115,124,137,128,128,139,136,141,127,143,155,136,140,154,134,180,190,159,162,142,168,175,162,175,171,157,181,160,216,162,196,192,199,217,188,204,193,209,228,194,229,213,229,249,217,228,226,219,215,241,227,252,232,228,288,272,259,236,295,290,295,290,302,295,329,301,319,331,340,340,359,364,413,416,319,344,390,370,396,342,392,415,439,418,421,418,409,440,427,486,467,458,462,457,509,460,470,477,468,496,529,490,517,529,562,531,519,538,514,574,497,513,539,543,538,533,551,515,528,561,555,552,558,512,526,562,541,540,525,546,555,522,586,551,557,516,569,522,543,523,513,524,521,525,529,497,508,525,533,485,544,490,521,460,533,525,498,491,496,476,478,480,467,481,475,466,421,470,442,468,428,455,435,388,426,379,423,400,409,387,380,361,387,406,351,372,358,349,329,351,357,372,332,336,343,286,300,328,327,313,340,326,328,288,309,318,269,322,279,295,298,331,325,322,285,258,281,294,298,259,240,235,237,244,249,246,232,244,235,265,247,234,250,252,233,284,253,238,217,258,251,264,249,242,259,256,232,263,254,260,254,249,237,230,241,244,245,251,211,236,243,233,233,239,282,259,278,264,226,237,245,252,271,259,273,265,236,258,274,269,265,254,264,275,245,269,287,296,287,252,235,287,307,277,328,285,301,305,297,285,308,341
0,0,0,0,0,0,0,0,0,0,0,0,0,0,0,0,0,0,0,0,0,0,0,0,0,0,0,0,0,0,0,0,0,0,0,0,0,0,0,0,0,0,0,0,0,0,0,0,0,0,0,0,0,0,0,0,0,0,0,0,0,0,0,0,0,0,0,0,0,0,0,0,0,0,0,0,0,0,0,0,0,0,0,0,0,0,0,0,0,0,0,0,0,0,0,0,0,0,0,0,0,0,0,0,0,0,0,0,0,0,0,0,0,0,0,0,0,0,0,0,0,0,0,0,0,0,0,0,0,0,0,0,0,0,0,0,0,0,0,0,0,0,0,0,0,0,0,0,0,0,0,0,0,0,0,0,0,0,0,0,0,0,0,0,0,0,0,0,0,0,0,0,0,0,0,0,0,0,0,0,0,0,0,0,0,0,0,0,0,0,0,0,0,0,0,0,0,0,0,0,0,0,0,0,0,0,0,0,0,0,0,0,0,0,0,0,0,0,0,0,0,0,0,0,0,0,0,0,0,0,0,0,0,0,0,0,0,0,0,0,0,0,0,0,0,0,0,0,0,0,0,0,0,0,0,0,0,0,0,0,0,0,0,0,0,0,0,0,0,0,0,0,0,0,0,0,0,0,0,0,0,0,0,0,0,0,0,0,0,0,0,0,0,0,0,0,0,0,0,0,0,0,0,0,0,0,0,0,0,0,0,0,0,0,0,0,0,0,0,0,0,0,0,0,1,0,1,0,1,0,0,0,1,0,0,0,1,0,0,0,0,1,1,0,1,0,0,1,0,3,0,2,1,0,2,1,0,2,1,2,1,0,1,4,3,2,1,3,2,2,4,0,0,1,2,5,7,3,1,3,6,2,1,7,8,4,6,4,4,8,1,7,13,7,6,8,5,6,8,7,14,9,3,6,12,6,10,11,7,14,14,16,17,13,21,7,17,29,15,13,18,12,18,29,20,19,26,23,18,18,25,19,29,25,31,25,22,34,37,33,34,31,28,31,41,45,30,35,43,47,36,56,39,48,49,45,48,59,48,63,43,61,68,55,60,62,55,59,74,59,84,78,87,86,86,68,71,82,85,80,91,82,111,100,89,89,111,93,100,106,107,94,117,111,128,121,122,106,123,123,116,152,141,111,114,144,145,143,149,138,161,143,147,159,178,151,145,148,148,175,187,181,178,168,160,163,168,174,185,196,206,186,224,181,197,200,216,207,208,242,241,214,203,255,239,217,231,238,251,244,237,231,285,266,285,239,285,288,268,328,306,292,309,331,320,283,381,327,344,354,361,372,367,364,388,377,409,417,387,422,418,428,417,446,420,451,414,454,443,444,499,485,505,475,465,477,494,508,545,507,535,503,530,554,524,507,529,536,529,534,560,569,589,554,541,551,520,544,480,561,506,547,573,545,545,567,560,554,568,536,520,510,583,551,539,575,518,520,548,522,546,511,578,510,533,523,515,514,450,497,498,494,493,473,511,460,485,507,487,513,510,461,465,459,418,456,364,479,450,426,429,400,416,408,412,378,389,390,392,408,386,379,396,376,368,345,373,380,341,344,377,345,343,331,345,347,331,328,333,339,280,293,318,318,319,319,321,306,296,266,310,318,267,277,308,291,328,267,223,263,285,252,259,248,237,252,261,237,251,228,255,224,264,266,254,281,219,251,232,243,268,241,247,253,221,225,284,241,264,229,269,243,250,234,245,259,254,253,235,251,257,234,239,260,254,268,264,274,288,247,256,250,242,258,278,261,248,234,248,260,288,238,257,275,270,263,285,280,287,270,298,291,293,288,317,319,295,314,289,288
0,0,0,0,0,0,0,0,0,0,0,0,0,0,0,0,0,0,0,0,0,0,0,0,0,0,0,0,0,0,0,0,0,0,0,0,0,0,0,0,0,0,0,0,0,0,0,0,0,0,0,0,0,0,0,0,0,0,0,0,0,0,0,0,0,0,0,0,0,0,0,0,0,0,0,0,0,0,0,0,0,0,0,0,0,0,0,0,0,0,0,0,0,0,0,0,0,0,0,0,0,0,0,0,0,0,0,0,0,0,0,0,0,0,0,0,0,0,0,0,0,0,0,0,0,0,0,0,0,0,0,0,0,0,0,0,0,0,0,0,0,0,0,0,0,0,0,0,0,0,0,0,0,0,0,0,0,0,0,0,0,0,0,0,0,0,0,0,0,0,0,0,0,0,0,0,0,0,0,0,0,0,0,0,0,0,0,0,0,0,0,0,0,0,0,0,0,0,0,0,0,0,0,0,0,0,0,0,0,0,0,0,0,0,0,0,0,0,0,0,0,0,0,0,0,0,0,0,0,0,0,0,0,0,0,0,0,0,0,0,0,0,0,0,0,0,0,0,0,0,0,0,0,0,0,0,0,0,0,0,0,0,0,0,0,0,0,0,0,0,0,0,0,0,0,0,0,0,0,0,0,0,0,0,0,0,0,0,0,0,0,0,0,0,0,0,0,0,0,0,0,0,0,0,0,0,0,0,0,0,0,0,0,1,0,1,1,0,0,0,0,0,0,0,0,0,0,1,0,0,1,0,0,1,2,0,0,1,1,0,1,0,0,0,0,2,0,0,0,2,0,2,3,0,0,0,1,0,0,0,1,0,1,1,0,2,2,4,2,0,3,1,2,1,3,3,2,5,0,3,1,2,6,6,4,3,6,5,5,7,5,6,6,6,6,5,5,6,6,12,10,11,9,7,11,9,15,10,17,8,16,14,18,12,15,21,16,15,22,12,18,21,24,23,20,30,13,26,27,18,23,21,24,30,33,31,34,36,40,32,21,27,29,38,37,36,40,36,43,42,51,52,45,50,56,57,57,65,53,52,37,77,59,53,70,66,67,76,71,60,61,68,87,77,67,83,81,80,81,78,92,90,100,89,93,95,98,98,110,106,104,96,114,108,107,132,111,124,129,120,129,136,109,109,136,145,133,152,147,135,175,125,140,178,160,142,167,165,187,176,168,182,166,141,163,187,188,185,187,203,183,191,191,181,200,175,199,223,237,212,228,195,230,201,235,242,245,234,267,254,232,251,237,260,256,269,284,297,292,287,318,301,320,294,335,327,337,363,346,355,307,362,379,375,387,398,359,375,440,421,416,405,440,390,420,399,444,475,431,476,493,482,466,450,460,486,504,507,546,491,556,544,501,541,528,502,535,521,557,546,527,558,546,586,525,572,530,550,526,606,565,516,571,486,565,588,575,502,557,560,509,509,551,567,527,546,559,554,521,491,516,529,539,525,493,516,513,523,550,502,509,508,505,494,436,455,518,462,491,471,460,460,478,466,402,434,382,481,421,427,411,398,447,425,410,366,381,386,424,378,355,375,378,380,377,367,380,320,377,313,386,338,337,326,357,344,346,331,306,368,333,301,311,314,311,339,336,287,289,287,314,271,301,296,305,248,266,279,266,276,253,271,251,268,246,270,235,280,254,265,250,250,239,253,218,264,242,249,247,257,217,253,251,241,249,261,248,247,253,252,222,228,228,266,238,231,238,266,240,232,228,249,255,237,234,276,226,275,231,232,229,268,250,248,232,257,279,233,271,276,242,255,221,267,305,280,276,278,310,275,295,312,285,285,308,293,288,289,327,300
0,0,0,0,0,0,0,0,0,0,0,0,0,0,0,0,0,0,0,0,0,0,0,0,0,0,0,0,0,0,0,0,0,0,0,0,0,0,0,0,0,0,0,0,0,0,0,0,0,0,0,0,0,0,0,0,0,0,0,0,0,0,0,0,0,0,0,0,0,0,0,0,0,0,0,0,0,0,0,0,0,0,0,0,0,0,0,0,0,0,0,0,0,0,0,0,0,0,0,0,0,0,0,0,0,0,0,0,0,0,0,0,0,0,0,0,0,0,0,0,0,0,0,0,0,0,0,0,0,0,0,0,0,0,0,0,0,0,0,0,0,0,0,0,0,0,0,0,0,0,0,0,0,0,0,0,0,0,0,0,0,0,0,0,0,0,0,0,0,0,0,0,0,0,0,0,0,0,0,0,0,0,0,0,0,0,0,0,0,0,0,0,0,0,0,0,0,0,0,0,0,0,0,0,0,0,0,0,0,0,0,0,0,0,0,0,0,0,0,0,0,0,0,0,0,0,0,0,0,0,0,0,0,0,0,0,0,0,0,0,0,0,0,0,0,0,0,0,0,0,0,0,0,0,0,0,0,0,0,0,0,0,0,0,0,0,0,0,0,0,0,0,0,0,0,0,0,0,0,0,0,0,0,0,0,0,0,0,0,0,0,0,0,0,0,0,0,0,0,0,0,0,0,0,0,1,0,1,0,0,0,0,0,0,0,0,0,0,1,0,0,0,1,0,0,0,1,0,0,1,0,0,0,1,0,0,1,1,0,0,1,1,0,0,0,1,1,1,1,1,0,0,3,0,0,0,0,2,2,2,1,1,3,4,1,2,2,1,3,1,3,2,2,3,1,3,6,1,3,4,7,5,3,3,6,4,3,4,6,3,2,11,5,7,2,4,7,11,7,4,9,4,7,15,8,11,5,8,13,10,11,5,14,16,10,13,14,16,15,14,16,20,19,20,25,24,15,24,20,31,19,23,31,21,32,29,27,27,27,28,23,38,43,43,45,39,31,38,35,38,48,39,52,43,58,64,53,65,63,66,59,56,61,74,54,61,65,49,59,69,62,73,75,71,81,87,73,82,90,87,89,87,101,88,84,113,89,115,88,106,110,103,115,110,118,113,121,104,128,110,112,124,120,144,150,151,143,140,143,131,132,143,152,157,156,179,172,157,148,166,157,147,159,169,204,179,178,199,183,172,216,195,181,193,188,215,203,205,209,225,248,219,243,225,223,235,240,265,252,234,283,247,258,272,295,299,297,268,307,302,294,281,298,313,327,342,311,377,364,362,351,374,393,350,348,367,374,410,362,369,394,427,420,424,387,439,426,443,418,476,445,477,448,483,490,483,543,506,534,503,546,538,511,478,567,518,549,532,545,561,532,529,573,512,586,550,558,538,554,562,555,541,552,540,569,528,572,557,546,523,543,548,531,530,493,507,539,533,488,562,542,558,527,500,501,485,535,475,533,493,504,511,520,497,456,512,507,471,480,452,433,495,424,467,451,466,441,438,410,441,431,440,400,416,379,397,368,409,439,385,393,373,380,338,338,374,375,372,382,340,309,341,341,332,323,327,342,326,304,356,317,342,322,304,303,320,312,293,312,303,312,317,272,271,305,254,265,305,272,251,250,232,237,244,238,231,254,257,264,246,269,259,228,230,249,241,268,247,258,276,248,244,239,272,231,253,246,273,204,269,246,254,241,261,258,240,218,262,249,248,256,222,227,229,264,242,271,269,243,272,270,250,295,254,262,245,261,240,273,251,235,256,292,299,310,274,279,303,278,276,312,310,268,311,340,312,309,293,305,287
0,0,0,0,0,0,0,0,0,0,0,0,0,0,0,0,0,0,0,0,0,0,0,0,0,0,0,0,0,0,0,0,0,0,0,0,0,0,0,0,0,0,0,0,0,0,0,0,0,0,0,0,0,0,0,0,0,0,0,0,0,0,0,0,0,0,0,0,0,0,0,0,0,0,0,0,0,0,0,0,0,0,0,0,0,0,0,0,0,0,0,0,0,0,0,0,0,0,0,0,0,0,0,0,0,0,0,0,0,0,0,0,0,0,0,0,0,0,0,0,0,0,0,0,0,0,0,0,0,0,0,0,0,0,0,0,0,0,0,0,0,0,0,0,0,0,0,0,0,0,0,0,0,0,0,0,0,0,0,0,0,0,0,0,0,0,0,0,0,0,0,0,0,0,0,0,0,0,0,0,0,0,0,0,0,0,0,0,0,0,0,0,0,0,0,0,0,0,0,0,0,0,0,0,0,0,0,0,0,0,0,0,0,0,0,0,0,0,0,0,0,0,0,0,0,0,0,0,0,0,0,0,0,0,0,0,0,0,0,0,0,0,0,0,0,0,0,0,0,0,0,0,0,0,0,0,0,0,0,0,0,0,0,0,0,0,0,0,0,0,0,0,0,0,0,0,0,0,0,0,0,0,0,0,0,0,0,0,0,0,0,0,0,0,0,0,0,0,0,0,0,0,0,0,0,0,0,0,0,0,1,0,0,1,0,0,0,0,1,0,1,0,0,0,0,0,0,0,0,0,0,1,0,0,0,0,1,1,0,0,0,1,1,1,0,0,2,0,1,2,1,1,1,2,0,0,3,1,0,0,1,1,2,3,0,2,1,1,3,2,1,2,3,1,3,3,3,1,2,4,2,5,4,2,7,4,5,5,4,5,11,4,8,6,8,6,6,5,8,7,8,10,6,2,10,7,9,14,13,11,18,21,12,7,22,14,18,19,19,25,18,16,8,22,16,26,25,20,25,22,22,20,19,23,27,35,24,28,28,34,34,39,34,37,46,34,38,37,42,52,39,45,52,48,55,60,44,52,65,55,48,59,60,54,58,58,71,56,73,71,67,95,66,86,68,83,76,91,105,72,80,83,90,101,83,99,101,99,114,92,102,106,100,124,107,109,113,131,104,109,149,130,128,126,138,121,116,124,131,147,158,166,138,126,155,161,149,172,152,156,164,191,173,156,180,186,176,207,192,175,181,221,185,189,216,187,224,222,212,208,203,193,246,237,223,222,219,246,259,249,277,297,254,250,234,275,287,288,333,337,317,290,304,326,298,356,309,330,363,358,377,339,366,376,386,387,382,426,413,414,378,390,404,437,411,431,412,429,445,464,495,492,489,467,511,501,501,517,489,502,547,493,555,535,509,511,555,528,566,558,564,482,536,538,570,517,538,565,597,532,549,536,534,545,570,573,581,573,528,525,551,499,541,535,556,521,553,558,522,541,486,532,552,541,510,495,513,502,523,534,431,506,490,488,455,482,509,488,467,453,466,512,458,431,457,462,433,481,417,414,398,414,419,374,415,397,401,362,398,369,388,398,386,408,339,354,370,337,367,310,363,356,342,325,324,346,314,295,318,326,318,278,287,287,303,332,306,321,299,270,273,293,258,282,243,271,266,254,259,240,276,269,227,228,250,235,282,261,213,252,235,250,235,258,246,275,251,268,250,275,220,237,256,255,261,287,241,237,241,236,247,239,237,231,258,253,238,253,268,257,228,248,224,243,254,245,268,263,231,259,229,264,228,254,276,256,269,263,259,242,246,273,258,273,280,261,274,309,296,286,308,304,312,267,308,265,268,321,297,326
0,0,0,0,0,0,0,0,0,0,0,0,0,0,0,0,0,0,0,0,0,0,0,0,0,0,0,0,0,0,0,0,0,0,0,0,0,0,0,0,0,0,0,0,0,0,0,0,0,0,0,0,0,0,0,0,0,0,0,0,0,0,0,0,0,0,0,0,0,0,0,0,0,0,0,0,0,0,0,0,0,0,0,0,0,0,0,0,0,0,0,0,0,0,0,0,0,0,0,0,0,0,0,0,0,0,0,0,0,0,0,0,0,0,0,0,0,0,0,0,0,0,0,0,0,0,0,0,0,0,0,0,0,0,0,0,0,0,0,0,0,0,0,0,0,0,0,0,0,0,0,0,0,0,0,0,0,0,0,0,0,0,0,0,0,0,0,0,0,0,0,0,0,0,0,0,0,0,0,0,0,0,0,0,0,0,0,0,0,0,0,0,0,0,0,0,0,0,0,0,0,0,0,0,0,0,0,0,0,0,0,0,0,0,0,0,0,0,0,0,0,0,0,0,0,0,0,0,0,0,0,0,0,0,0,0,0,0,0,0,0,0,0,0,0,0,0,0,0,0,0,0,0,0,0,0,0,0,0,0,0,0,0,0,0,0,0,0,0,0,0,0,0,0,0,0,0,0,0,0,0,0,0,0,0,0,0,0,0,0,0,0,0,0,0,0,0,0,0,0,0,0,0,0,0,0,0,0,0,0,0,0,0,0,0,0,0,0,2,1,0,0,0,0,0,0,0,0,0,0,0,0,1,0,0,0,1,0,0,0,1,0,0,1,1,0,1,1,0,1,0,1,1,1,1,2,1,0,2,1,4,0,2,1,2,2,2,1,2,2,2,2,3,1,1,1,4,3,4,4,3,6,2,7,2,3,2,4,4,9,3,8,9,5,9,7,6,7,4,10,6,6,14,13,10,12,9,19,14,10,13,6,16,12,16,14,7,17,32,15,16,19,16,22,22,17,15,19,25,27,25,24,24,24,18,25,37,31,28,35,37,25,41,44,33,31,50,35,38,38,37,51,51,55,37,55,46,57,71,61,61,59,68,53,58,50,58,62,59,71,68,73,81,63,82,66,97,96,90,83,89,91,76,112,96,107,100,106,99,110,105,114,102,104,102,124,131,113,124,126,109,131,126,144,125,113,127,135,127,160,137,143,157,162,142,159,149,149,169,176,164,184,158,189,183,182,177,187,192,217,194,197,183,187,200,199,221,221,196,218,210,225,215,217,252,237,242,256,249,249,240,281,247,262,274,289,271,308,287,293,303,305,305,276,319,299,327,297,341,336,361,376,396,376,340,338,418,388,394,406,425,424,378,447,423,417,388,445,435,478,467,489,459,491,525,486,510,475,478,475,540,522,536,533,495,562,552,522,531,559,526,552,534,535,568,567,598,533,542,577,551,515,560,547,606,543,503,490,608,526,535,569,546,573,535,517,536,534,562,577,519,506,540,560,495,515,500,494,516,526,458,525,515,483,501,497,483,500,455,489,444,485,421,430,498,453,449,442,440,447,433,394,383,400,391,386,389,393,431,385,360,400,381,399,400,399,360,366,351,340,332,329,368,354,294,337,314,316,322,323,319,308,303,339,309,299,287,291,299,274,320,297,295,301,310,272,273,272,256,262,297,252,273,234,236,243,253,284,241,262,214,242,219,267,255,243,265,278,247,248,230,265,265,259,260,266,234,222,239,245,250,260,250,229,242,252,239,232,240,288,258,232,247,254,250,259,254,269,244,253,237,293,256,241,270,261,227,253,228,285,253,270,293,282,281,296,270,268,283,279,312,299,323,260,324,324,297,274,325,315
0,0,0,0,0,0,0,0,0,0,0,0,0,0,0,0,0,0,0,0,0,0,0,0,0,0,0,0,0,0,0,0,0,0,0,0,0,0,0,0,0,0,0,0,0,0,0,0,0,0,0,0,0,0,0,0,0,0,0,0,0,0,0,0,0,0,0,0,0,0,0,0,0,0,0,0,0,0,0,0,0,0,0,0,0,0,0,0,0,0,0,0,0,0,0,0,0,0,0,0,0,0,0,0,0,0,0,0,0,0,0,0,0,0,0,0,0,0,0,0,0,0,0,0,0,0,0,0,0,0,0,0,0,0,0,0,0,0,0,0,0,0,0,0,0,0,0,0,0,0,0,0,0,0,0,0,0,0,0,0,0,0,0,0,0,0,0,0,0,0,0,0,0,0,0,0,0,0,0,0,0,0,0,0,0,0,0,0,0,0,0,0,0,0,0,0,0,0,0,0,0,0,0,0,0,0,0,0,0,0,0,0,0,0,0,0,0,0,0,0,0,0,0,0,0,0,0,0,0,0,0,0,0,0,0,0,0,0,0,0,0,0,0,0,0,0,0,0,0,0,0,0,0,0,0,0,0,0,0,0,0,0,0,0,0,0,0,0,0,0,0,0,0,0,0,0,0,0,0,0,0,0,0,0,0,0,0,0,0,0,0,0,0,0,0,0,0,0,0,0,0,0,0,0,1,0,0,1,1,0,0,0,0,0,0,0,1,0,0,0,0,0,0,0,0,0,0,1,0,0,0,1,1,0,1,1,0,0,1,0,0,0,1,0,0,1,1,0,1,0,2,0,0,0,1,0,1,1,0,1,0,0,3,0,0,3,2,1,1,2,3,0,4,2,3,3,1,3,2,3,3,4,4,3,3,6,8,2,0,1,1,9,4,1,8,3,4,7,6,7,9,4,2,7,12,10,13,14,9,14,10,16,14,7,11,20,22,17,16,23,21,19,25,21,24,21,22,24,17,23,27,34,31,17,30,33,24,32,35,29,29,35,41,37,39,39,40,46,46,42,39,43,54,49,50,42,63,50,60,70,41,61,67,59,60,67,62,58,73,70,83,81,66,73,70,80,79,74,108,89,90,105,73,118,112,103,95,98,104,117,112,119,91,102,112,113,118,114,131,114,109,133,134,126,114,124,138,140,155,137,151,161,134,137,148,162,157,156,133,187,174,196,183,164,197,167,168,165,179,214,208,175,188,193,201,211,205,232,203,228,230,222,215,228,222,229,244,240,259,245,245,256,244,254,289,245,273,300,300,325,297,362,319,326,316,321,323,371,331,356,368,344,361,354,385,383,387,378,380,379,416,380,416,423,410,446,432,438,458,470,524,459,488,475,443,511,519,550,486,548,554,452,498,495,533,560,529,534,539,586,557,540,532,513,565,540,570,513,542,547,570,542,573,566,535,528,547,537,518,513,519,537,524,545,500,558,489,574,523,535,569,527,568,523,548,514,482,511,473,520,500,501,534,475,488,486,487,473,448,458,490,459,433,470,441,478,466,439,428,417,430,426,417,398,402,415,414,377,394,359,406,363,403,385,374,342,336,351,345,340,356,338,312,349,336,345,310,306,293,313,339,316,302,289,320,312,280,299,314,334,295,289,281,303,269,275,267,282,264,252,253,258,242,234,253,242,267,249,248,248,247,260,256,273,266,255,232,271,252,243,223,259,252,244,228,221,267,243,265,264,266,239,254,253,220,269,226,233,232,253,226,245,258,249,257,273,245,247,244,236,239,251,259,244,272,243,260,278,261,246,268,269,280,267,251,260,276,285,295,294,292,298,290,317,342,297,316,324,312,302
0,0,0,0,0,0,0,0,0,0,0,0,0,0,0,0,0,0,0,0,0,0,0,0,0,0,0,0,0,0,0,0,0,0,0,0,0,0,0,0,0,0,0,0,0,0,0,0,0,0,0,0,0,0,0,0,0,0,0,0,0,0,0,0,0,0,0,0,0,0,0,0,0,0,0,0,0,0,0,0,0,0,0,0,0,0,0,0,0,0,0,0,0,0,0,0,0,0,0,0,0,0,0,0,0,0,0,0,0,0,0,0,0,0,0,0,0,0,0,0,0,0,0,0,0,0,0,0,0,0,0,0,0,0,0,0,0,0,0,0,0,0,0,0,0,0,0,0,0,0,0,0,0,0,0,0,0,0,0,0,0,0,0,0,0,0,0,0,0,0,0,0,0,0,0,0,0,0,0,0,0,0,0,0,0,0,0,0,0,0,0,0,0,0,0,0,0,0,0,0,0,0,0,0,0,0,0,0,0,0,0,0,0,0,0,0,0,0,0,0,0,0,0,0,0,0,0,0,0,0,0,0,0,0,0,0,0,0,0,0,0,0,0,0,0,0,0,0,0,0,0,0,0,0,0,0,0,0,0,0,0,0,0,0,0,0,0,0,0,0,0,0,0,0,0,0,0,0,0,0,0,0,0,0,0,0,0,0,0,0,0,0,0,0,0,0,0,0,0,0,0,0,0,0,0,0,0,0,0,0,0,0,0,0,0,0,0,0,0,1,0,0,0,0,0,0,0,0,0,0,1,0,1,0,0,0,0,0,0,5,0,0,1,0,0,1,1,1,0,0,1,0,1,0,0,2,1,1,2,1,2,1,2,2,1,2,2,1,3,3,0,2,7,0,3,4,3,3,4,2,2,5,3,6,5,4,4,3,4,3,5,3,7,3,5,3,7,10,7,10,12,13,8,11,9,7,6,17,20,14,17,18,17,20,14,11,18,27,16,13,28,20,19,19,15,17,21,32,28,17,20,24,24,21,34,35,32,28,32,28,27,28,27,35,32,30,49,29,32,54,43,51,56,58,37,53,61,41,57,53,48,67,63,73,77,54,62,67,72,69,85,68,72,87,94,74,76,71,96,105,78,85,97,92,96,107,110,91,92,102,99,101,110,127,101,102,122,109,109,120,129,129,122,146,136,134,131,139,140,150,147,153,165,144,144,175,139,145,159,176,158,178,183,164,186,181,173,164,172,211,199,210,226,216,190,207,200,216,219,241,234,220,218,207,223,223,246,250,264,230,244,239,254,253,264,246,314,306,304,278,311,301,318,325,314,292,324,363,358,368,356,365,371,361,352,398,392,391,405,413,414,396,399,416,444,448,437,466,458,452,449,478,472,486,460,459,533,517,536,517,535,495,491,524,515,568,509,504,545,546,535,534,561,502,513,541,529,565,529,561,598,524,569,508,538,548,534,511,496,573,520,534,537,536,529,558,553,584,529,519,547,492,530,533,483,547,550,497,493,509,533,484,530,484,517,485,472,457,458,482,478,475,476,460,453,426,464,419,466,432,407,431,401,394,392,389,360,415,381,444,393,383,394,389,354,330,366,364,338,352,347,328,341,321,341,347,309,338,325,312,320,312,287,310,299,275,306,307,304,277,347,287,282,262,276,279,280,267,286,271,257,275,264,251,246,247,230,243,257,254,236,266,238,252,239,271,234,243,224,225,271,225,257,252,261,241,233,238,246,252,260,216,255,228,257,228,262,263,260,246,232,233,217,247,252,222,244,243,260,254,243,262,246,252,283,238,289,252,259,272,256,294,256,258,277,269,292,268,279,291,298,310,275,293,315,292,272,305,321,294
0,0,0,0,0,0,0,0,0,0,0,0,0,0,0,0,0,0,0,0,0,0,0,0,0,0,0,0,0,0,0,0,0,0,0,0,0,0,0,0,0,0,0,0,0,0,0,0,0,0,0,0,0,0,0,0,0,0,0,0,0,0,0,0,0,0,0,0,0,0,0,0,0,0,0,0,0,0,0,0,0,0,0,0,0,0,0,0,0,0,0,0,0,0,0,0,0,0,0,0,0,0,0,0,0,0,0,0,0,0,0,0,0,0,0,0,0,0,0,0,0,0,0,0,0,0,0,0,0,0,0,0,0,0,0,0,0,0,0,0,0,0,0,0,0,0,0,0,0,0,0,0,0,0,0,0,0,0,0,0,0,0,0,0,0,0,0,0,0,0,0,0,0,0,0,0,0,0,0,0,0,0,0,0,0,0,0,0,0,0,0,0,0,0,0,0,0,0,0,0,0,0,0,0,0,0,0,0,0,0,0,0,0,0,0,0,0,0,0,0,0,0,0,0,0,0,0,0,0,0,0,0,0,0,0,0,0,0,0,0,0,0,0,0,0,0,0,0,0,0,0,0,0,0,0,0,0,0,0,0,0,0,0,0,0,0,0,0,0,0,0,0,0,0,0,0,0,0,0,0,0,0,0,0,0,0,0,0,0,0,0,0,0,0,0,0,0,0,0,0,0,0,0,0,0,0,0,1,0,0,0,0,0,0,0,0,0,0,0,0,1,0,0,0,0,0,2,0,0,0,0,0,1,0,0,0,0,1,2,1,1,1,0,0,0,0,1,0,1,2,0,0,1,2,0,3,0,2,2,1,1,3,1,0,2,2,2,0,2,0,0,6,2,4,5,1,1,3,7,2,2,3,1,7,7,6,6,5,6,9,4,7,1,4,7,3,4,6,7,11,8,9,9,8,6,10,17,10,14,13,14,12,12,14,13,16,18,17,12,18,23,20,25,23,18,28,18,22,21,21,22,21,22,31,29,26,24,31,34,34,37,30,31,51,42,37,36,42,40,43,29,53,57,52,47,70,52,43,63,51,66,70,55,62,65,72,60,75,74,65,60,62,64,78,73,79,95,79,80,85,83,85,95,88,89,88,86,88,99,122,118,105,98,120,130,119,124,97,120,139,110,98,117,148,127,134,122,130,125,144,145,176,145,158,171,166,170,135,160,172,171,165,157,175,199,183,181,175,184,187,186,205,192,192,180,198,238,194,184,250,226,239,260,213,221,232,257,248,256,247,251,252,250,243,280,250,280,311,303,258,310,330,318,320,336,322,336,339,354,390,363,394,334,375,342,384,407,396,398,392,421,412,469,410,433,455,444,438,480,442,480,478,509,443,475,507,496,486,522,505,507,517,510,522,557,557,520,560,512,529,533,559,576,578,579,519,562,571,504,561,559,513,577,538,520,543,563,494,570,575,503,498,534,560,529,571,535,533,495,556,589,543,505,503,515,529,540,530,487,535,492,520,518,473,475,474,510,507,462,442,472,449,464,460,418,426,423,411,463,435,416,449,398,406,381,380,404,407,400,414,390,371,378,404,393,352,350,362,358,352,367,346,336,320,335,317,359,309,291,362,310,303,341,300,313,291,275,283,323,281,322,292,327,274,272,273,269,240,298,247,239,246,267,255,256,263,209,289,217,254,248,234,248,238,237,232,241,262,233,247,260,230,284,264,250,245,235,235,233,237,263,258,250,261,252,220,238,258,221,258,231,245,265,240,242,252,223,252,242,263,245,281,268,261,274,249,260,250,276,257,258,264,280,255,275,288,298,269,312,300,302,285,318,281,281,314,310,283,322,326
0,0,0,0,0,0,0,0,0,0,0,0,0,0,0,0,0,0,0,0,0,0,0,0,0,0,0,0,0,0,0,0,0,0,0,0,0,0,0,0,0,0,0,0,0,0,0,0,0,0,0,0,0,0,0,0,0,0,0,0,0,0,0,0,0,0,0,0,0,0,0,0,0,0,0,0,0,0,0,0,0,0,0,0,0,0,0,0,0,0,0,0,0,0,0,0,0,0,0,0,0,0,0,0,0,0,0,0,0,0,0,0,0,0,0,0,0,0,0,0,0,0,0,0,0,0,0,0,0,0,0,0,0,0,0,0,0,0,0,0,0,0,0,0,0,0,0,0,0,0,0,0,0,0,0,0,0,0,0,0,0,0,0,0,0,0,0,0,0,0,0,0,0,0,0,0,0,0,0,0,0,0,0,0,0,0,0,0,0,0,0,0,0,0,0,0,0,0,0,0,0,0,0,0,0,0,0,0,0,0,0,0,0,0,0,0,0,0,0,0,0,0,0,0,0,0,0,0,0,0,0,0,0,0,0,0,0,0,0,0,0,0,0,0,0,0,0,0,0,0,0,0,0,0,0,0,0,0,0,0,0,0,0,0,0,0,0,0,0,0,0,0,0,0,0,0,0,0,0,0,0,0,0,0,0,0,0,0,0,0,0,0,0,0,0,0,0,0,0,0,0,0,0,0,0,0,0,1,0,1,0,0,0,0,0,0,0,0,1,0,0,0,0,0,1,0,0,0,0,0,0,1,1,0,0,0,1,0,0,0,0,0,0,1,0,0,0,1,0,1,0,1,1,2,3,0,1,0,0,0,1,2,2,1,0,1,1,0,2,4,1,0,2,3,1,2,3,0,4,1,6,4,1,2,5,4,6,11,3,9,8,5,5,6,9,6,5,13,10,9,7,11,5,10,16,6,10,15,17,17,10,13,15,16,10,20,25,20,19,17,19,18,15,24,14,23,18,30,21,26,21,33,27,18,27,28,26,28,34,29,34,36,32,54,39,39,42,38,41,46,42,46,46,46,58,54,45,50,63,78,50,68,48,56,64,50,63,66,68,75,88,87,87,64,83,72,74,72,90,79,90,83,105,101,98,103,79,113,91,106,95,124,96,100,127,116,108,129,91,121,117,118,142,161,119,128,149,141,129,150,148,158,151,148,155,157,169,146,162,168,165,159,139,190,194,152,176,187,178,189,190,193,187,212,223,205,224,221,240,244,206,233,236,216,255,214,226,220,238,240,258,231,264,284,259,273,305,292,278,298,302,283,322,320,311,301,341,339,346,359,326,370,349,343,353,404,398,401,405,385,393,412,437,413,457,399,449,407,442,454,413,474,480,514,499,459,512,495,501,537,516,506,499,533,538,567,511,502,499,544,582,550,588,557,536,592,519,531,604,530,562,588,553,549,556,569,548,489,535,530,530,529,550,566,512,535,528,545,560,538,585,517,553,495,543,517,537,503,500,460,551,571,497,514,491,516,495,441,473,477,489,460,431,465,478,425,452,436,426,427,452,426,442,443,401,368,380,385,382,383,385,371,404,407,393,357,350,346,337,349,364,324,299,332,353,330,354,321,298,334,336,297,327,280,307,298,320,309,280,313,299,289,263,290,233,285,273,264,277,260,270,252,256,262,265,255,234,271,270,250,244,214,247,247,268,272,254,264,222,252,247,260,211,244,246,216,239,273,293,250,216,246,244,237,260,256,241,232,242,225,228,245,267,236,262,229,241,249,274,245,252,227,249,270,260,277,240,243,270,246,282,235,288,290,258,265,297,271,251,295,276,306,313,300,314,290,321,315,294,306
0,0,0,0,0,0,0,0,0,0,0,0,0,0,0,0,0,0,0,0,0,0,0,0,0,0,0,0,0,0,0,0,0,0,0,0,0,0,0,0,0,0,0,0,0,0,0,0,0,0,0,0,0,0,0,0,0,0,0,0,0,0,0,0,0,0,0,0,0,0,0,0,0,0,0,0,0,0,0,0,0,0,0,0,0,0,0,0,0,0,0,0,0,0,0,0,0,0,0,0,0,0,0,0,0,0,0,0,0,0,0,0,0,0,0,0,0,0,0,0,0,0,0,0,0,0,0,0,0,0,0,0,0,0,0,0,0,0,0,0,0,0,0,0,0,0,0,0,0,0,0,0,0,0,0,0,0,0,0,0,0,0,0,0,0,0,0,0,0,0,0,0,0,0,0,0,0,0,0,0,0,0,0,0,0,0,0,0,0,0,0,0,0,0,0,0,0,0,0,0,0,0,0,0,0,0,0,0,0,0,0,0,0,0,0,0,0,0,0,0,0,0,0,0,0,0,0,0,0,0,0,0,0,0,0,0,0,0,0,0,0,0,0,0,0,0,0,0,0,0,0,0,0,0,0,0,0,0,0,0,0,0,0,0,0,0,0,0,0,0,0,0,0,0,0,0,0,0,0,0,0,0,0,0,0,0,0,0,0,0,0,0,0,0,0,0,0,0,0,0,0,0,0,0,0,0,0,1,0,0,0,0,0,0,0,0,0,0,0,0,0,0,1,0,0,0,0,0,1,0,1,0,0,0,0,1,0,0,1,0,0,0,3,0,0,0,1,1,1,0,0,2,1,1,0,0,2,0,1,1,1,1,2,0,1,2,3,0,1,1,2,2,2,3,3,3,4,3,2,1,2,2,3,2,5,5,2,7,6,4,6,9,8,7,1,7,9,6,8,3,5,11,10,8,9,8,10,9,12,6,11,7,12,10,19,13,22,14,15,16,25,19,23,21,17,20,25,15,20,30,17,22,24,34,18,20,39,25,36,32,30,35,35,31,46,48,44,40,45,35,35,36,50,64,52,51,51,58,67,53,57,69,55,66,68,62,60,71,86,75,67,68,76,78,73,69,80,81,98,79,95,88,88,88,81,91,93,95,120,102,107,108,119,115,138,108,121,116,135,115,124,129,134,130,119,141,131,147,144,131,169,160,162,175,131,150,142,158,144,143,177,182,175,179,179,186,193,179,202,186,188,185,182,185,187,199,233,213,189,219,223,241,206,203,272,235,254,258,247,216,249,257,274,268,259,264,273,305,273,295,262,335,310,333,313,344,345,301,353,330,350,367,402,345,355,349,408,393,405,388,416,450,422,432,446,411,453,410,433,494,475,493,464,470,482,479,488,527,506,512,496,499,493,517,513,572,534,553,594,547,553,574,537,551,555,526,530,542,572,541,543,559,512,506,532,567,556,529,526,557,569,503,525,523,544,549,517,533,576,553,562,540,514,537,517,526,472,509,539,484,501,467,476,517,468,506,524,520,478,462,438,450,447,429,439,443,459,411,398,441,438,390,431,403,415,402,385,382,378,396,397,356,389,393,379,349,351,332,347,381,319,334,337,385,322,342,333,326,301,326,306,308,296,300,341,319,306,318,310,305,314,269,306,275,251,284,270,289,261,252,239,270,255,260,257,239,255,253,241,251,249,264,255,249,253,251,234,230,238,236,251,247,239,240,229,246,242,287,244,226,238,246,241,247,248,257,241,248,252,268,247,214,240,263,279,239,243,247,246,259,266,215,285,258,257,237,236,250,273,294,244,301,266,254,261,288,275,304,286,317,290,309,269,300,330,311,291,331,311,310
0,0,0,0,0,0,0,0,0,0,0,0,0,0,0,0,0,0,0,0,0,0,0,0,0,0,0,0,0,0,0,0,0,0,0,0,0,0,0,0,0,0,0,0,0,0,0,0,0,0,0,0,0,0,0,0,0,0,0,0,0,0,0,0,0,0,0,0,0,0,0,0,0,0,0,0,0,0,0,0,0,0,0,0,0,0,0,0,0,0,0,0,0,0,0,0,0,0,0,0,0,0,0,0,0,0,0,0,0,0,0,0,0,0,0,0,0,0,0,0,0,0,0,0,0,0,0,0,0,0,0,0,0,0,0,0,0,0,0,0,0,0,0,0,0,0,0,0,0,0,0,0,0,0,0,0,0,0,0,0,0,0,0,0,0,0,0,0,0,0,0,0,0,0,0,0,0,0,0,0,0,0,0,0,0,0,0,0,0,0,0,0,0,0,0,0,0,0,0,0,0,0,0,0,0,0,0,0,0,0,0,0,0,0,0,0,0,0,0,0,0,0,0,0,0,0,0,0,0,0,0,0,0,0,0,0,0,0,0,0,0,0,0,0,0,0,0,0,0,0,0,0,0,0,0,0,0,0,0,0,0,0,0,0,0,0,0,0,0,0,0,0,0,0,0,0,0,0,0,0,0,0,0,0,0,0,0,0,0,0,0,0,0,0,0,0,0,0,0,0,0,0,0,0,0,0,2,0,0,0,0,0,0,0,1,0,0,0,0,0,0,0,0,1,0,0,0,0,0,1,0,0,0,1,1,0,0,1,0,1,1,0,0,0,0,0,1,1,0,0,2,2,0,3,1,1,0,1,2,1,1,0,2,0,3,1,3,1,2,1,3,0,4,2,2,3,2,6,5,4,3,7,2,4,5,0,5,4,6,2,1,8,3,5,5,7,3,5,8,9,12,11,10,7,6,11,8,18,12,13,15,20,15,12,17,24,15,15,28,13,21,24,20,17,18,24,25,20,26,15,23,28,20,32,20,30,32,38,24,26,37,46,30,19,47,32,41,49,40,43,36,37,51,59,39,57,50,57,64,52,41,65,62,60,64,62,59,63,71,69,82,70,77,82,82,98,73,66,90,86,77,86,89,105,98,105,93,102,115,95,100,105,114,122,124,93,112,105,116,130,116,90,129,132,134,132,136,150,150,138,146,158,165,157,163,163,126,149,156,156,174,162,179,179,196,192,181,182,186,196,222,170,192,205,204,202,214,241,212,226,229,210,232,216,239,228,292,242,246,237,255,269,245,292,251,240,299,292,284,316,296,317,319,343,315,324,330,336,388,336,363,337,332,373,371,359,397,378,372,358,425,420,436,421,423,416,455,430,471,471,443,458,499,485,484,480,470,490,496,504,513,510,493,548,484,558,540,565,563,540,538,567,553,531,541,536,528,567,567,532,538,530,521,560,544,558,569,541,536,516,528,526,523,494,541,528,551,549,523,488,558,472,551,542,508,534,565,560,512,523,494,470,492,544,510,491,519,504,480,489,480,444,472,458,396,432,450,446,465,420,426,415,390,415,380,416,367,391,382,364,381,383,364,385,371,354,359,347,352,355,365,345,351,306,317,351,305,319,290,346,309,318,310,297,306,299,315,310,305,284,326,288,271,293,268,268,267,252,290,267,285,243,256,246,257,254,265,256,240,260,254,238,252,243,247,274,243,237,264,241,237,260,251,280,247,242,255,239,247,256,224,227,227,268,256,237,236,247,239,262,254,246,213,242,225,268,272,275,221,246,251,259,239,252,233,268,285,246,258,252,261,257,261,254,289,299,302,300,313,247,285,344,325,285,310,301,291,298,290,294
0,0,0,0,0,0,0,0,0,0,0,0,0,0,0,0,0,0,0,0,0,0,0,0,0,0,0,0,0,0,0,0,0,0,0,0,0,0,0,0,0,0,0,0,0,0,0,0,0,0,0,0,0,0,0,0,0,0,0,0,0,0,0,0,0,0,0,0,0,0,0,0,0,0,0,0,0,0,0,0,0,0,0,0,0,0,0,0,0,0,0,0,0,0,0,0,0,0,0,0,0,0,0,0,0,0,0,0,0,0,0,0,0,0,0,0,0,0,0,0,0,0,0,0,0,0,0,0,0,0,0,0,0,0,0,0,0,0,0,0,0,0,0,0,0,0,0,0,0,0,0,0,0,0,0,0,0,0,0,0,0,0,0,0,0,0,0,0,0,0,0,0,0,0,0,0,0,0,0,0,0,0,0,0,0,0,0,0,0,0,0,0,0,0,0,0,0,0,0,0,0,0,0,0,0,0,0,0,0,0,0,0,0,0,0,0,0,0,0,0,0,0,0,0,0,0,0,0,0,0,0,0,0,0,0,0,0,0,0,0,0,0,0,0,0,0,0,0,0,0,0,0,0,0,0,0,0,0,0,0,0,0,0,0,0,0,0,0,0,0,0,0,0,0,0,0,0,0,0,0,0,0,0,0,0,0,0,0,0,0,0,0,0,0,0,0,0,0,0,0,0,0,0,0,0,0,1,0,0,0,0,0,0,1,0,0,0,0,0,0,0,0,0,0,0,0,0,0,1,1,1,0,1,0,1,0,0,0,1,0,1,0,0,1,0,1,0,0,0,1,3,1,0,0,0,2,2,0,2,2,0,2,0,1,3,3,1,1,0,0,0,4,3,2,2,3,3,3,1,2,1,6,6,2,6,6,4,6,2,7,5,5,6,8,7,6,5,6,4,5,8,7,10,9,12,15,13,6,10,8,16,13,15,18,17,18,22,20,22,23,22,18,22,20,22,29,24,25,19,33,21,24,25,27,21,32,23,36,29,35,31,27,30,36,39,41,30,38,33,51,40,50,65,47,46,45,66,45,54,72,53,54,54,53,74,69,67,65,61,68,80,74,69,73,79,73,89,86,79,77,90,75,95,98,68,86,80,86,108,96,114,98,108,117,120,105,109,103,121,116,124,145,124,124,128,131,125,135,118,122,152,151,158,158,172,148,172,171,170,181,153,171,169,173,206,164,178,175,188,181,168,193,205,207,228,211,206,205,218,221,234,212,250,236,223,233,226,251,255,225,248,256,289,301,268,256,286,268,282,281,317,286,332,342,351,308,318,332,367,345,346,371,337,375,371,351,370,395,408,401,412,429,419,418,444,454,421,426,466,476,491,485,413,502,483,489,493,493,491,441,525,502,529,491,530,513,521,576,533,557,528,549,539,583,511,552,599,541,535,549,540,563,532,539,525,541,550,523,543,572,529,560,532,510,545,528,522,581,568,501,558,578,509,536,510,514,525,520,538,533,491,506,495,447,476,480,520,500,503,464,481,452,443,420,449,458,406,438,424,456,469,410,372,400,404,395,414,412,428,388,368,378,426,392,374,373,343,362,307,338,316,330,339,337,320,314,354,333,320,313,332,308,292,285,308,306,297,320,312,302,288,287,317,259,259,289,292,294,260,225,280,261,269,267,239,227,279,251,238,246,248,238,261,220,254,265,256,231,245,217,248,259,229,242,249,244,253,249,234,251,247,221,260,252,221,261,262,237,246,246,240,255,245,230,244,265,258,216,253,233,241,273,253,257,289,235,280,246,291,279,239,269,292,289,275,302,261,290,268,266,277,285,294,301,309,279,323,304,326,293
0,0,0,0,0,0,0,0,0,0,0,0,0,0,0,0,0,0,0,0,0,0,0,0,0,0,0,0,0,0,0,0,0,0,0,0,0,0,0,0,0,0,0,0,0,0,0,0,0,0,0,0,0,0,0,0,0,0,0,0,0,0,0,0,0,0,0,0,0,0,0,0,0,0,0,0,0,0,0,0,0,0,0,0,0,0,0,0,0,0,0,0,0,0,0,0,0,0,0,0,0,0,0,0,0,0,0,0,0,0,0,0,0,0,0,0,0,0,0,0,0,0,0,0,0,0,0,0,0,0,0,0,0,0,0,0,0,0,0,0,0,0,0,0,0,0,0,0,0,0,0,0,0,0,0,0,0,0,0,0,0,0,0,0,0,0,0,0,0,0,0,0,0,0,0,0,0,0,0,0,0,0,0,0,0,0,0,0,0,0,0,0,0,0,0,0,0,0,0,0,0,0,0,0,0,0,0,0,0,0,0,0,0,0,0,0,0,0,0,0,0,0,0,0,0,0,0,0,0,0,0,0,0,0,0,0,0,0,0,0,0,0,0,0,0,0,0,0,0,0,0,0,0,0,0,0,0,0,0,0,0,0,0,0,0,0,0,0,0,0,0,0,0,0,0,0,0,0,0,0,0,0,0,0,0,0,0,0,0,0,0,0,0,0,0,0,0,0,0,0,0,0,0,0,0,0,0,0,0,0,0,0,0,0,0,0,0,0,0,0,0,0,0,0,1,0,0,1,0,1,0,0,0,1,0,0,0,1,1,0,0,0,0,1,1,0,1,0,0,0,0,1,1,0,1,0,0,0,2,2,4,2,2,2,1,2,4,0,2,3,4,1,1,3,1,3,2,1,2,4,8,3,4,4,3,6,5,6,7,4,7,5,9,5,10,5,10,7,4,8,6,11,14,11,9,12,13,9,12,12,17,15,20,19,16,19,14,12,18,16,15,18,13,18,34,20,17,17,24,18,20,28,31,25,27,22,32,26,39,21,31,31,28,32,38,44,35,39,40,52,38,44,40,64,60,54,51,69,56,53,56,68,63,54,67,66,77,59,66,67,60,77,56,85,88,95,81,81,91,89,80,85,81,74,99,93,103,116,82,86,116,114,112,105,104,106,127,120,108,121,127,124,123,126,108,133,140,163,155,151,157,153,153,128,165,161,143,135,151,177,144,181,161,189,172,183,192,208,188,168,189,187,195,205,197,198,205,220,219,221,250,223,241,209,217,225,255,264,225,227,234,226,244,274,262,290,273,268,310,311,293,320,301,313,318,332,313,310,327,368,394,388,354,359,309,362,357,375,393,441,396,395,440,423,475,431,415,435,433,438,469,476,475,453,434,466,484,484,483,506,510,553,506,505,528,531,497,543,557,521,542,574,548,535,557,568,544,544,545,525,571,516,565,550,535,515,523,543,579,568,521,543,548,517,523,547,531,506,536,549,517,529,560,536,545,526,517,519,520,470,470,499,497,505,500,466,512,468,491,470,473,465,495,457,415,443,432,435,409,411,486,424,391,426,401,413,392,389,370,371,372,386,398,391,401,375,349,342,361,333,341,320,402,335,326,328,323,315,324,291,331,314,301,324,320,341,302,281,316,319,315,267,300,296,301,293,282,269,241,236,274,260,241,253,226,248,250,272,235,253,231,246,252,255,266,243,226,241,236,244,252,244,234,238,257,236,233,248,259,242,260,238,234,237,260,241,200,257,232,244,250,242,266,222,244,240,249,244,271,241,270,271,247,308,267,264,265,253,253,249,256,290,262,273,286,265,267,309,328,282,276,284,292,290,259,281,305,296,291,282
